<?xml version="1.0"?>
<!DOCTYPE modification SYSTEM "http://www.simplemachines.org/xml/modification">
<modification xmlns="http://www.simplemachines.org/xml/modification" xmlns:smf="http://www.simplemachines.org/">
	<id>KeyCAPTCHA:KeyCAPTCHA</id>
	<version>2.5</version>
	
	<file name="$sourcedir/ManageSettings.php">
		<operation>
			<search position="after"><![CDATA[			// Clever Thomas, who is looking sheepy now? Not I, the mighty sword swinger did say.
]]></search>
			<add><![CDATA[
			// KeyCAPTCHA Settings.
			array('title', 'keycaptcha_settings'),
			array('check', 'keycaptcha_is_active'),
			array('text', 'keycaptcha_private_key', 'size' => 50),
]]></add>
		</operation>
	</file>
	<file name="$sourcedir/PersonalMessage.php">
		<operation>
			<search position="replace"><![CDATA[
	// Wrong verification code?
	if (!$user_info['is_admin'] && !empty($modSettings['pm_posts_verification']) && $user_info['posts'] < $modSettings['pm_posts_verification'])
	{
		require_once($sourcedir . '/Subs-Editor.php');
		$verificationOptions = array(
			'id' => 'pm',
		);
		$context['require_verification'] = create_control_verification($verificationOptions, true);

		if (is_array($context['require_verification']))
		{
			$post_errors = array_merge($post_errors, $context['require_verification']);
		}
	}
]]></search>
			<add><![CDATA[
	// Wrong verification code?
	if (!$user_info['is_admin'] && !empty($modSettings['pm_posts_verification']) && $user_info['posts'] < $modSettings['pm_posts_verification'])
	{
		if(!empty($modSettings['keycaptcha_is_active']) && ($modSettings['keycaptcha_is_active'] == 1 && !empty($modSettings['keycaptcha_private_key'])))
		{
			if(!empty($_POST["capcode"])) //Check the input if this exists, if it doesn't, then the user didn't fill it out.
			{
				require_once($sourcedir . '/keycaptcha_class.php');
				$kc_o = new KeyCAPTCHA_CLASS( $modSettings['keycaptcha_private_key'] );
				if (!$kc_o->check_result($_POST["capcode"]))
				{
					loadLanguage('Errors');
					$post_errors = array_merge($post_errors, array(0 => 'wrong_keycaptcha'));
				}
			}
			else
			{
				loadLanguage('Errors');
				$post_errors = array_merge($post_errors, array(0 => 'wrong_keycaptcha'));
			}
		}
		else
		{
			require_once($sourcedir . '/Subs-Editor.php');
			$verificationOptions = array(
				'id' => 'pm',
			);
			$context['require_verification'] = create_control_verification($verificationOptions, true);

			if (is_array($context['require_verification']))
			{
				$post_errors = array_merge($post_errors, $context['require_verification']);
		}	}
	}
]]></add>
		</operation>
	</file>
	<file name="$sourcedir/Post.php">
		<operation>
			<search position="replace"><![CDATA[
	// Wrong verification code?
	if (!$user_info['is_admin'] && !$user_info['is_mod'] && !empty($modSettings['posts_require_captcha']) && ($user_info['posts'] < $modSettings['posts_require_captcha'] || ($user_info['is_guest'] && $modSettings['posts_require_captcha'] == -1)))
	{
		require_once($sourcedir . '/Subs-Editor.php');
		$verificationOptions = array(
			'id' => 'post',
		);
		$context['require_verification'] = create_control_verification($verificationOptions, true);
		if (is_array($context['require_verification']))
			$post_errors = array_merge($post_errors, $context['require_verification']);
	}
]]></search>
			<add><![CDATA[
	// Wrong verification code?
	if (!$user_info['is_admin'] && !$user_info['is_mod'] && !empty($modSettings['posts_require_captcha']) && ($user_info['posts'] < $modSettings['posts_require_captcha'] || ($user_info['is_guest'] && $modSettings['posts_require_captcha'] == -1)))
	{
		if(!empty($modSettings['keycaptcha_is_active']) && ($modSettings['keycaptcha_is_active'] == 1 && !empty($modSettings['keycaptcha_private_key'])))
		{
			if(!empty($_POST["capcode"])) //Check the input if this exists, if it doesn't, then the user didn't fill it out.
			{
				require_once($sourcedir . '/keycaptcha_class.php');
				$kc_o = new KeyCAPTCHA_CLASS( $modSettings['keycaptcha_private_key'] );
				if (!$kc_o->check_result($_POST["capcode"]))
				{
					loadLanguage('Errors');
					$post_errors = array_merge($post_errors, array(0 => 'wrong_keycaptcha'));
				}
			}
			else
			{
				loadLanguage('Errors');
				$post_errors = array_merge($post_errors, array(0 => 'wrong_keycaptcha'));
			}
		}
		else
		{
			require_once($sourcedir . '/Subs-Editor.php');
			$verificationOptions = array(
				'id' => 'post',
			);
			$context['require_verification'] = create_control_verification($verificationOptions, true);
			if (is_array($context['require_verification']))
				$post_errors = array_merge($post_errors, $context['require_verification']);
		}
	}
]]></add>
		</operation>
	</file>
	<file name="$sourcedir/Register.php">
		<operation>
			<search position="replace"><![CDATA[
		// Check whether the visual verification code was entered correctly.
		if (!empty($modSettings['reg_verification']))
		{
			require_once($sourcedir . '/Subs-Editor.php');
			$verificationOptions = array(
				'id' => 'register',
			);
			$context['visual_verification'] = create_control_verification($verificationOptions, true);

			if (is_array($context['visual_verification']))
			{
				loadLanguage('Errors');
				foreach ($context['visual_verification'] as $error)
					$reg_errors[] = $txt['error_' . $error];
			}
		}
]]></search>
			<add><![CDATA[
		// Check whether the visual verification code was entered correctly.
		if (!empty($modSettings['reg_verification']))
		{
			if(!empty($modSettings['keycaptcha_is_active']) && ($modSettings['keycaptcha_is_active'] == 1 && !empty($modSettings['keycaptcha_private_key'])))
			{
				if(!empty($_POST["capcode"])) //Check the input if this exists, if it doesn't, then the user didn't fill it out.
				{
					require_once($sourcedir . '/keycaptcha_class.php');
					$kc_o = new KeyCAPTCHA_CLASS( $modSettings['keycaptcha_private_key'] );
					if (!$kc_o->check_result($_POST["capcode"]))
					{
						loadLanguage('Errors');
						$reg_errors[] = $txt['error_wrong_keycaptcha'];
					}
				}
				else
				{
					loadLanguage('Errors');
					$reg_errors[] = $txt['error_wrong_keycaptcha'];
				}
			}
			else
			{
				require_once($sourcedir . '/Subs-Editor.php');
				$verificationOptions = array(
					'id' => 'register',
				);
				$context['visual_verification'] = create_control_verification($verificationOptions, true);
	
				if (is_array($context['visual_verification']))
				{
					loadLanguage('Errors');
					foreach ($context['visual_verification'] as $error)
						$reg_errors[] = $txt['error_' . $error];
				}
			}
		}
]]></add>
		</operation>
	</file>
	<file name="$sourcedir/Search.php">
		<operation>
			<search position="replace"><![CDATA[
	// Do we have captcha enabled?
	if ($user_info['is_guest'] && !empty($modSettings['search_enable_captcha']) && empty($_SESSION['ss_vv_passed']) && (empty($_SESSION['last_ss']) || $_SESSION['last_ss'] != $search_params['search']))
	{
		// If we come from another search box tone down the error...
		if (!isset($_REQUEST['search_vv']))
			$context['search_errors']['need_verification_code'] = true;
		else
		{
			require_once($sourcedir . '/Subs-Editor.php');
			$verificationOptions = array(
				'id' => 'search',
			);
			$context['require_verification'] = create_control_verification($verificationOptions, true);

			if (is_array($context['require_verification']))
			{
				foreach ($context['require_verification'] as $error)
					$context['search_errors'][$error] = true;
			}
			// Don't keep asking for it - they've proven themselves worthy.
			else
				$_SESSION['ss_vv_passed'] = true;
		}
	}
]]></search>
			<add><![CDATA[
	// Do we have captcha enabled?
	if ($user_info['is_guest'] && !empty($modSettings['search_enable_captcha']) && empty($_SESSION['ss_vv_passed']) && (empty($_SESSION['last_ss']) || $_SESSION['last_ss'] != $search_params['search']))
	{
		if(!empty($modSettings['keycaptcha_is_active']) && ($modSettings['keycaptcha_is_active'] == 1 && !empty($modSettings['keycaptcha_private_key'])))
		{
			if(!empty($_POST["capcode"])) //Check the input if this exists, if it doesn't, then the user didn't fill it out.
			{
				require_once($sourcedir . '/keycaptcha_class.php');
				$kc_o = new KeyCAPTCHA_CLASS( $modSettings['keycaptcha_private_key'] );
				if (!$kc_o->check_result($_POST["capcode"]))
				{
					loadLanguage('Errors');
					$context['search_errors']['wrong_keycaptcha'] = true;
				}
			}
			else
			{
				loadLanguage('Errors');
				$context['search_errors']['wrong_keycaptcha'] = true;
			}
		}
		else
		{
			// If we come from another search box tone down the error...
			if (!isset($_REQUEST['search_vv']))
				$context['search_errors']['need_verification_code'] = true;
			else
			{
				require_once($sourcedir . '/Subs-Editor.php');
				$verificationOptions = array(
					'id' => 'search',
				);
				$context['require_verification'] = create_control_verification($verificationOptions, true);

				if (is_array($context['require_verification']))
				{
					foreach ($context['require_verification'] as $error)
						$context['search_errors'][$error] = true;
				}
				// Don't keep asking for it - they've proven themselves worthy.
				else
					$_SESSION['ss_vv_passed'] = true;
			}
		}
	}
]]></add>
		</operation>
	</file>
	<file name="$sourcedir/SendTopic.php">
		<operation>
			<search position="replace"><![CDATA[
	// Could they get the right verification code?
	if ($user_info['is_guest'] && !empty($modSettings['guests_report_require_captcha']))
	{
		require_once($sourcedir . '/Subs-Editor.php');
		$verificationOptions = array(
			'id' => 'report',
		);
		$context['require_verification'] = create_control_verification($verificationOptions, true);
		if (is_array($context['require_verification']))
			$post_errors = array_merge($post_errors, $context['require_verification']);
	}
]]></search>
			<add><![CDATA[
	// Could they get the right verification code?
	if ($user_info['is_guest'] && !empty($modSettings['guests_report_require_captcha']))
	{
		if(!empty($modSettings['keycaptcha_is_active']) && ($modSettings['keycaptcha_is_active'] == 1 && !empty($modSettings['keycaptcha_private_key'])))
		{
			if(!empty($_POST["capcode"])) //Check the input if this exists, if it doesn't, then the user didn't fill it out.
			{
				require_once($sourcedir . '/keycaptcha_class.php');
				$kc_o = new KeyCAPTCHA_CLASS( $modSettings['keycaptcha_private_key'] );
				if (!$kc_o->check_result($_POST["capcode"]))
				{
					loadLanguage('Errors');
					$post_errors = array_merge($post_errors, array(0 => 'wrong_keycaptcha'));
				}
			}
			else
			{
				loadLanguage('Errors');
				$post_errors = array_merge($post_errors, array(0 => 'wrong_keycaptcha'));
			}
		}
		else
		{
			require_once($sourcedir . '/Subs-Editor.php');
			$verificationOptions = array(
				'id' => 'report',
			);
			$context['require_verification'] = create_control_verification($verificationOptions, true);
			if (is_array($context['require_verification']))
				$post_errors = array_merge($post_errors, $context['require_verification']);
		}
	}
]]></add>
		</operation>
	</file>
	<file name="$themedir/Display.template.php">
		<operation>
			<search position="before"><![CDATA[
function template_main()
{
	global $context, $settings, $options, $txt, $scripturl, $modSettings]]></search>
			<add><![CDATA[, $sourcedir]]></add>
		</operation>
		<operation>
			<search position="replace"><![CDATA[
			// Is visual verification enabled?
			if ($context['require_verification'])
				echo '
							<strong>', $txt['verification'], ':</strong>', template_control_verification($context['visual_verification_id'], 'quick_reply'), '<br />';
]]></search>
			<add><![CDATA[
			// Is visual verification enabled?
			if ($context['require_verification'])
			{
				if(!empty($modSettings['keycaptcha_is_active']) && ($modSettings['keycaptcha_is_active'] == 1 && !empty($modSettings['keycaptcha_private_key'])))
				{
					echo '
						<table width="100%">
						<tr>
							<td width="100%">
								<b>', $txt['keycaptcha_task_header'], ': </b>', $txt['keycaptcha_task_explain'], '
							</td>
						</tr>
						<tr>
						<td width="100%">';
							require_once($sourcedir . '/keycaptcha_class.php');
							$kc_o = new KeyCAPTCHA_CLASS($modSettings['keycaptcha_private_key']);
							echo '<input type="hidden" id="capcode" name="capcode" value="123" />'.$kc_o->render_js();
							echo '<noscript>', $txt['keycaptcha_message_noscript'], '</noscript>
						</td>
						</tr>
						</table>';
				}
				else
				{
					echo '
							<strong>', $txt['verification'], ':</strong>', template_control_verification($context['visual_verification_id'], 'quick_reply'), '<br />';
				}
			}
]]></add>
		</operation>
	</file>
	<file name="$themedir/PersonalMessage.template.php">
		<operation>
			<search position="before"><![CDATA[
function template_send()
{
	global $context, $settings, $options, $scripturl, $modSettings, $txt]]></search>
			<add><![CDATA[, $sourcedir]]></add>
		</operation>
		<operation>
			<search position="replace"><![CDATA[
	// Require an image to be typed to save spamming?
	if ($context['require_verification'])
	{
		echo '
				<div class="post_verification">
					<strong>', $txt['pm_visual_verification_label'], ':</strong>
					', template_control_verification($context['visual_verification_id'], 'all'), '
				</div>';
	}
]]></search>
			<add><![CDATA[
	// Require an image to be typed to save spamming?
	if ($context['require_verification'])
	{
		if(!empty($modSettings['keycaptcha_is_active']) && ($modSettings['keycaptcha_is_active'] == 1 && !empty($modSettings['keycaptcha_private_key'])))
		{
			echo '
				<div class="post_verification">
					<table width="100%">
					<tr>
						<td width="100%">
							<b>', $txt['keycaptcha_task_header'], ': </b>', $txt['keycaptcha_task_explain'], '
						</td>
					</tr>
					<tr>
					<td width="100%">';
						require_once($sourcedir . '/keycaptcha_class.php');
						$kc_o = new KeyCAPTCHA_CLASS($modSettings['keycaptcha_private_key']);
						echo '<input type="hidden" id="capcode" name="capcode" value="123" />'.$kc_o->render_js();
						echo '<noscript>', $txt['keycaptcha_message_noscript'], '</noscript>
					</td>
					</tr>
					</table>
				</div>';
		}
		else
		{
			echo '
				<div class="post_verification">
					<strong>', $txt['pm_visual_verification_label'], ':</strong>
					', template_control_verification($context['visual_verification_id'], 'all'), '
				</div>';
		}
	}
]]></add>
		</operation>
	</file>
	<file name="$themedir/Post.template.php">
		<operation>
			<search position="before"><![CDATA[// The main template for the post page.
function template_main()
{
	global $context, $settings, $options, $txt, $scripturl, $modSettings, $counter]]></search>
			<add><![CDATA[, $sourcedir]]></add>
		</operation>
		<operation>
			<search position="replace"><![CDATA[
	// Is visual verification enabled?
	if ($context['require_verification'])
	{
		echo '
					<div class="post_verification">
						<span', !empty($context['post_error']['need_qr_verification']) ? ' class="error"' : '', '>
							<strong>', $txt['verification'], ':</strong>
						</span>
						', template_control_verification($context['visual_verification_id'], 'all'), '
					</div>';
	}
]]></search>
			<add><![CDATA[
	// Is visual verification enabled?
	if ($context['require_verification'])
	{
		if(!empty($modSettings['keycaptcha_is_active']) && ($modSettings['keycaptcha_is_active'] == 1 && !empty($modSettings['keycaptcha_private_key'])))
		{
			echo '
				<div class="post_verification">
					<table width="100%">
					<tr>
						<td width="100%">
							<b>', $txt['keycaptcha_task_header'], ': </b>', $txt['keycaptcha_task_explain'], '
						</td>
					</tr>
					<tr>
					<td width="100%">';
						require_once($sourcedir . '/keycaptcha_class.php');
						$kc_o = new KeyCAPTCHA_CLASS($modSettings['keycaptcha_private_key']);
						echo '<input type="hidden" id="capcode" name="capcode" value="123" />'.$kc_o->render_js();
						echo '<noscript>', $txt['keycaptcha_message_noscript'], '</noscript>
					</td>
					</tr>
					</table>
				</div>';
		}
		else
		{
			echo '
					<div class="post_verification">
						<span', !empty($context['post_error']['need_qr_verification']) ? ' class="error"' : '', '>
							<strong>', $txt['verification'], ':</strong>
						</span>
						', template_control_verification($context['visual_verification_id'], 'all'), '
					</div>';
		}
	}
]]></add>
		</operation>
	</file>
	<file name="$themedir/SendTopic.template.php">
		<operation>
			<search position="before"><![CDATA[
function template_report()
{
	global $context, $settings, $options, $txt, $scripturl]]></search>
			<add><![CDATA[, $sourcedir, $modSettings]]></add>
		</operation>
		<operation>
			<search position="replace"><![CDATA[
	if ($context['require_verification'])
	{
		echo '
							<dt>
								', $txt['verification'], ':
							</dt>
							<dd>
								', template_control_verification($context['visual_verification_id'], 'all'), '
							</dd>';
	}
]]></search>
			<add><![CDATA[
	if ($context['require_verification'])
	{
		if(!empty($modSettings['keycaptcha_is_active']) && ($modSettings['keycaptcha_is_active'] == 1 && !empty($modSettings['keycaptcha_private_key'])))
		{
			echo '
							<dt>
								<b>', $txt['keycaptcha_task_header'], ': </b>', $txt['keycaptcha_task_explain'], ':
							</dt>
							<dd>';
										require_once($sourcedir . '/keycaptcha_class.php');
										$kc_o = new KeyCAPTCHA_CLASS($modSettings['keycaptcha_private_key']);
										echo '<input type="hidden" id="capcode" name="capcode" value="123" />'.$kc_o->render_js();
										echo '<noscript>', $txt['keycaptcha_message_noscript'], '</noscript>
							</dd>';
		}
		else
		{
			echo '
							<dt>
								', $txt['verification'], ':
							</dt>
							<dd>
								', template_control_verification($context['visual_verification_id'], 'all'), '
							</dd>';
		}
	}
]]></add>
		</operation>
	</file>
	<file name="$themedir/Register.template.php">
		<operation>
			<search position="before"><![CDATA[// Before registering - get their information.
function template_registration_form()
{
	global $context, $settings, $options, $scripturl, $txt, $modSettings]]></search>
			<add><![CDATA[, $sourcedir]]></add>
		</operation>
		<operation>
			<search position="replace"><![CDATA[
	if ($context['visual_verification'])
	{
		echo '
			<div class="title_bar">
				<h4 class="titlebg">', $txt['verification'], '</h4>
			</div>
			<div class="windowbg2">
				<span class="topslice"><span></span></span>
				<fieldset class="content centertext">
					', template_control_verification($context['visual_verification_id'], 'all'), '
				</fieldset>
				<span class="botslice"><span></span></span>
			</div>';
	}
]]></search>
			<add><![CDATA[
	if ($context['visual_verification'])
	{
		if(!empty($modSettings['keycaptcha_is_active']) && ($modSettings['keycaptcha_is_active'] == 1 && !empty($modSettings['keycaptcha_private_key'])))
		{
			echo '
				<div class="title_bar">
					<h4 class="titlebg">', $txt['verification'], '</h4>
				</div>
				<div class="windowbg2">
					<span class="topslice"><span></span></span>
					<fieldset class="content">
						<dl class="register_form">
							<dt>
								<strong><label for="capcode">', $txt['keycaptcha_task_header'], ':</label></strong>
								<span class="smalltext">', $txt['keycaptcha_task_explain'], '</span>
							</dt>
							<dd>';
			require_once($sourcedir . '/keycaptcha_class.php');
			$kc_o = new KeyCAPTCHA_CLASS($modSettings['keycaptcha_private_key']);
			echo '					<input type="hidden" id="capcode" name="capcode" value="123" />'.$kc_o->render_js().'
								<noscript>', $txt['keycaptcha_message_noscript'], '</noscript>
							</dd>
						</dl>
					</fieldset>
				</div>';
		}
		else
		{
			echo '
				<div class="title_bar">
					<h4 class="titlebg">', $txt['verification'], '</h4>
				</div>
				<div class="windowbg2">
					<span class="topslice"><span></span></span>
					<fieldset class="content centertext">
						', template_control_verification($context['visual_verification_id'], 'all'), '
					</fieldset>
					<span class="botslice"><span></span></span>
				</div>';
		}
	}
]]></add>
		</operation>
	</file>
	<file name="$themedir/Search.template.php">
		<operation>
			<search position="before"><![CDATA[
function template_main()
{
	global $context, $settings, $options, $txt, $scripturl, $modSettings]]></search>
			<add><![CDATA[, $sourcedir]]></add>
		</operation>
				<operation>
			<search position="replace"><![CDATA[					', $context['require_verification'] ? '' : '&nbsp;<input type="submit" name="submit" value="' . $txt['search'] . '" class="button_submit" />
				</div>';]]></search>
			<add><![CDATA[					', $context['require_verification'] ? '' : '&nbsp;<input type="submit" name="submit" value="' . $txt['search'] . '" class="button_submit" />', '
				</div>';]]></add>
		</operation>
		<operation>
			<search position="replace"><![CDATA[
		if ($context['require_verification'])
			echo '
				<div class="verification>
					<strong>', $txt['search_visual_verification_label'], ':</strong>
					<br />', template_control_verification($context['visual_verification_id'], 'all'), '<br />
					<input id="submit" type="submit" name="submit" value="' . $txt['search'] . '" class="button_submit" />
				</div>';
]]></search>
			<add><![CDATA[
		if ($context['require_verification'])
		{
			if(!empty($modSettings['keycaptcha_is_active']) && ($modSettings['keycaptcha_is_active'] == 1 && !empty($modSettings['keycaptcha_private_key'])))
			{
				echo '
					<div class="verification">
						<table width="100%">
						<tr>
							<td width="100%">
								<b>', $txt['keycaptcha_task_header'], ': </b>', $txt['keycaptcha_task_explain'], '
							</td>
						</tr>
						<tr>
						<td width="100%">';
							require_once($sourcedir . '/keycaptcha_class.php');
							$kc_o = new KeyCAPTCHA_CLASS($modSettings['keycaptcha_private_key']);
							echo '<input type="hidden" id="capcode" name="capcode" value="123" /><div align="center">'.$kc_o->render_js().'</div>';
							echo '<noscript>', $txt['keycaptcha_message_noscript'], '</noscript>
						</td>
						</tr>
						</table>
						<br />
						<input id="submit" type="submit" name="submit" value="' . $txt['search'] . '" class="button_submit" />
					</div>';
			}
			else
			{
				echo '
					<div class="verification">
						<strong>', $txt['search_visual_verification_label'], ':</strong>
						<br />', template_control_verification($context['visual_verification_id'], 'all'), '<br />
						<input id="submit" type="submit" name="submit" value="' . $txt['search'] . '" class="button_submit" />
					</div>';
			}
		}
]]></add>
		</operation>
		<operation>
			<search position="replace"><![CDATA[
		// Require an image to be typed to save spamming?
		if ($context['require_verification'])
		{
			echo '
				<p>
					<strong>', $txt['verification'], ':</strong>
					', template_control_verification($context['visual_verification_id'], 'all'), '
				</p>';
		}
]]></search>
			<add><![CDATA[
		// Require an image to be typed to save spamming?
		if ($context['require_verification'])
		{
			if(!empty($modSettings['keycaptcha_is_active']) && ($modSettings['keycaptcha_is_active'] == 1 && !empty($modSettings['keycaptcha_private_key'])))
			{
				echo '
					<div>
						<table width="100%">
						<tr>
							<td width="100%">
								<b>', $txt['keycaptcha_task_header'], ': </b>', $txt['keycaptcha_task_explain'], '
							</td>
						</tr>
						<tr>
						<td width="100%">';
							require_once($sourcedir . '/keycaptcha_class.php');
							$kc_o = new KeyCAPTCHA_CLASS($modSettings['keycaptcha_private_key']);
							echo '<input type="hidden" id="capcode" name="capcode" value="123" /><div align="center">'.$kc_o->render_js().'</div>';
							echo '<noscript>', $txt['keycaptcha_message_noscript'], '</noscript>
						</td>
						</tr>
						</table>
						<br />
						<input id="submit" type="submit" name="submit" value="' . $txt['search'] . '" class="button_submit" />
					</div>';
			}
			else
			{
				echo '
					<p>
						<strong>', $txt['verification'], ':</strong>
						', template_control_verification($context['visual_verification_id'], 'all'), '
					</p>';
			}
		}
]]></add>
		</operation>
	</file>
	<file name="$themes_dir/core/Display.template.php">
		<operation>
			<search position="before"><![CDATA[
function template_main()
{
	global $context, $settings, $options, $txt, $scripturl, $modSettings]]></search>
			<add><![CDATA[, $sourcedir]]></add>
		</operation>
		<operation>
			<search position="replace"><![CDATA[
		// Is visual verification enabled?
		if ($context['require_verification'])
			echo '
				<strong>', $txt['verification'], ':</strong>', template_control_verification($context['visual_verification_id'], 'quick_reply'), '<br />';
]]></search>
			<add><![CDATA[
		// Is visual verification enabled?
		if ($context['require_verification'])
		{
			if(!empty($modSettings['keycaptcha_is_active']) && ($modSettings['keycaptcha_is_active'] == 1 && !empty($modSettings['keycaptcha_private_key'])))
			{
				echo '
				<table width="100%">
					<tr>
						<td width="100%">
							<b>', $txt['keycaptcha_task_header'], ': </b>', $txt['keycaptcha_task_explain'], '
						</td>
					</tr>
					<tr>
						<td width="100%">';
							require_once($sourcedir . '/keycaptcha_class.php');
							$kc_o = new KeyCAPTCHA_CLASS($modSettings['keycaptcha_private_key']);
							echo '<input type="hidden" id="capcode" name="capcode" value="123" />'.$kc_o->render_js();
							echo '<noscript>', $txt['keycaptcha_message_noscript'], '</noscript>
						</td>
					</tr>
					</table>';
			}
			else
			{
			echo '
				<strong>', $txt['verification'], ':</strong>', template_control_verification($context['visual_verification_id'], 'quick_reply'), '<br />';
			}
		}
]]></add>
		</operation>
	</file>
	<file name="$themes_dir/core/PersonalMessage.template.php">
		<operation>
			<search position="before"><![CDATA[
function template_send()
{
	global $context, $settings, $options, $scripturl, $modSettings, $txt]]></search>
			<add><![CDATA[, $sourcedir]]></add>
		</operation>
		<operation>
			<search position="replace"><![CDATA[
	// Require an image to be typed to save spamming?
	if ($context['require_verification'])
	{
		echo '
				<div class="post_verification">
					<strong>', $txt['pm_visual_verification_label'], ':</strong>
					', template_control_verification($context['visual_verification_id'], 'all'), '
				</div>';
	}
]]></search>
			<add><![CDATA[
	// Require an image to be typed to save spamming?
	if ($context['require_verification'])
	{
		if(!empty($modSettings['keycaptcha_is_active']) && ($modSettings['keycaptcha_is_active'] == 1 && !empty($modSettings['keycaptcha_private_key'])))
		{
			echo '
				<div class="post_verification">
					<table width="100%">
					<tr>
						<td width="100%">
							<b>', $txt['keycaptcha_task_header'], ': </b>', $txt['keycaptcha_task_explain'], '
						</td>
					</tr>
					<tr>
						<td width="100%">';
							require_once($sourcedir . '/keycaptcha_class.php');
							$kc_o = new KeyCAPTCHA_CLASS($modSettings['keycaptcha_private_key']);
							echo '<input type="hidden" id="capcode" name="capcode" value="123" />'.$kc_o->render_js();
							echo '<noscript>', $txt['keycaptcha_message_noscript'], '</noscript>
						</td>
					</tr>
					</table>
				</div>';
		}
		else
		{
			echo '
				<div class="post_verification">
					<strong>', $txt['pm_visual_verification_label'], ':</strong>
					', template_control_verification($context['visual_verification_id'], 'all'), '
				</div>';
		}
	}
]]></add>
		</operation>
	</file>
</modification>
