<?xml version="1.0"?>
<!DOCTYPE modification SYSTEM "http://www.simplemachines.org/xml/modification">
<modification xmlns="http://www.simplemachines.org/xml/modification" xmlns:smf="http://www.simplemachines.org/">
	<id>KeyCAPTCHA:KeyCAPTCHA</id>
	<version>2.5</version>
	
	<file name="$sourcedir/ManageRegistration.php">
		<operation>
			<search position="before"><![CDATA[
			'disable_visual_verification' => isset($_POST['visual_verification_type']) ? (int) $_POST['visual_verification_type'] : 0,
]]></search>
			<add><![CDATA[
			'keycaptcha_enabled' => isset($_POST['keycaptchaEnable']) ? 1 : 0,			
			'keycaptcha_private_key' => !empty($_POST['keycaptchaPrivateKey']) ? $_POST['keycaptchaPrivateKey'] : '',
]]></add>
		</operation>
	</file>

	<file name="$sourcedir/Register.php">
		<operation>
			<search position="before"><![CDATA[
				$_SESSION['visual_verification_code'] .= $character_range[array_rand($character_range)];
		}
	}
]]></search>
			<add><![CDATA[
	$context['use_keycaptcha'] = !empty($modSettings['keycaptcha_enabled']) && ($modSettings['keycaptcha_enabled'] == 1 ) && !empty($modSettings['keycaptcha_private_key']);
	if ($context['use_keycaptcha'])
	{
		// Disable the built-in visual verification if we are using KeyCAPTCHA
		$context['visual_verification'] = FALSE;
	}
]]></add>
		</operation>
		<operation>
			<search position="replace"><![CDATA[
	if ((empty($modSettings['disable_visual_verification']) || $modSettings['disable_visual_verification'] != 1) && (empty($_REQUEST['visual_verification_code']) || strtoupper($_REQUEST['visual_verification_code']) !== $_SESSION['visual_verification_code']))
]]></search>
			<add><![CDATA[
	if(!empty($modSettings['keycaptcha_enabled']) && ($modSettings['keycaptcha_enabled'] == 1  && !empty($modSettings['keycaptcha_private_key'])))
	{
		if(!empty($_POST["capcode"])) //Check the input if this exists, if it doesn't, then the user didn't fill it out.
		{
			require("$sourcedir/keycaptcha_class.php");
			
			$kc_o = new KeyCAPTCHA_CLASS( $modSettings['keycaptcha_private_key'] );
			if (!$kc_o->check_result($_POST["capcode"]))
				fatal_lang_error('visual_verification_failed', false);
		}
		else
			fatal_lang_error('visual_verification_failed', false);
	}
	elseif ((empty($modSettings['disable_visual_verification']) || $modSettings['disable_visual_verification'] != 1) && (empty($_REQUEST['visual_verification_code']) || strtoupper($_REQUEST['visual_verification_code']) !== $_SESSION['visual_verification_code']))
]]></add>
		</operation>
	</file>
	<file name="$sourcedir/PersonalMessage.php">
		<operation>
			<search position="before"><![CDATA[
			$_SESSION['visual_verification_code'] .= $character_range[array_rand($character_range)];
	}
]]></search>
			<add><![CDATA[
	$context['use_keycaptcha'] = (!empty($modSettings['keycaptcha_enabled']) && ($modSettings['keycaptcha_enabled'] == 1  && !empty($modSettings['keycaptcha_private_key']))) && (!$user_info['is_admin'] && !empty($modSettings['pm_posts_verification']) && $user_info['posts'] < $modSettings['pm_posts_verification']);
	if ($context['use_keycaptcha'])
	{
		// Disable the built-in visual verification if we are using KeyCAPTCHA
		$context['visual_verification'] = FALSE;
	}
]]></add>
		</operation>
		<operation>
			<search position="replace"><![CDATA[
	if (!$user_info['is_admin'] && !empty($modSettings['pm_posts_verification']) && $user_info['posts'] < $modSettings['pm_posts_verification'] && (empty($_REQUEST['visual_verification_code']) || strtoupper($_REQUEST['visual_verification_code']) !== $_SESSION['visual_verification_code']))
]]></search>
			<add><![CDATA[
	if((!$user_info['is_admin'] && !empty($modSettings['pm_posts_verification']) && $user_info['posts'] < $modSettings['pm_posts_verification']) && (!empty($modSettings['keycaptcha_enabled']) && ($modSettings['keycaptcha_enabled'] == 1  && !empty($modSettings['keycaptcha_private_key']))))
	{
		if(!empty($_POST["capcode"])) //Check the input if this exists, if it doesn't, then the user didn't fill it out.
		{
			require("$sourcedir/keycaptcha_class.php");
			
			$kc_o = new KeyCAPTCHA_CLASS( $modSettings['keycaptcha_private_key'] );
			if (!$kc_o->check_result($_POST["capcode"]))
				fatal_lang_error('visual_verification_failed', false);
		}
		else
			fatal_lang_error('visual_verification_failed', false);
	}
	elseif (!$user_info['is_admin'] && !empty($modSettings['pm_posts_verification']) && $user_info['posts'] < $modSettings['pm_posts_verification'] && (empty($_REQUEST['visual_verification_code']) || strtoupper($_REQUEST['visual_verification_code']) !== $_SESSION['visual_verification_code']))
]]></add>
		</operation>
	</file>
	<file name="$themedir/Register.template.php">
		<operation>
			<search position="before"><![CDATA[
function template_before()
{
	global $context, $settings, $options, $scripturl, $txt, $modSettings]]></search>
			<add><![CDATA[, $sourcedir]]></add>
		</operation>
		<operation>
			<search position="replace"><![CDATA[
	if ($context['visual_verification'])
	{
		echo '
					<tr valign="top">
]]></search>
			<add><![CDATA[
	if ($context['visual_verification'] || $context['use_keycaptcha'])
	{
		echo '
					<tr valign="top">
]]></add>
		</operation>

		<operation>
			<search position="replace"><![CDATA[
							<b>', $txt['visual_verification_label'], ':</b>
							<div class="smalltext">', $txt['visual_verification_description'], '</div>
]]></search>
			<add><![CDATA[
							<b>', $txt['visual_verification_label'], ':</b>';
							if ($context['visual_verification'])
								echo '<div class="smalltext">', $txt['visual_verification_description'], '</div>';
		echo '
]]></add>
		</operation>

		<operation>
			<search position="after"><![CDATA[
		if ($context['use_graphic_library'])
			echo '
							<img src="', $context['verificiation_image_href'], '" alt="', $txt['visual_verification_description'], '" id="verificiation_image" /><br />';
]]></search>
			<add><![CDATA[
		if ($context['use_keycaptcha'])
		{
				require("$sourcedir/keycaptcha_class.php");

				$kc_o = new KeyCAPTCHA_CLASS( $modSettings['keycaptcha_private_key']);
				
				echo '<table id="keycaptcha_verification"><tr><td><input type="hidden" id="capcode" name="capcode" value="123" />'.$kc_o->render_js().'</td></tr></table>';
				echo '<noscript>', $txt['noscript_code_notice'], '</noscript>';
				echo '						</td>
					</tr>';
		}
		else
		{
]]></add>
		</operation>

		<operation>
			<search position="after"><![CDATA[
	}

	// Are there age restrictions in place?
]]></search>
			<add><![CDATA[
		}
]]></add>
		</operation>

		<operation>
			<search position="after"><![CDATA[
						</tr><tr class="windowbg2" valign="top">
							<th width="50%" align="right">
								<label for="coppaAge_input">', $txt['admin_setting_coppaAge'], '</label> <span style="font-weight: normal;">(<a href="', $scripturl, '?action=helpadmin;help=coppaAge" onclick="return reqWin(this.href);">?</a>)</span>:
]]></search>
			<add><![CDATA[
						</tr>
						<tr class="windowbg2">
							<th width="50%" align="right">
								<label for="keycaptchaEnable_check">', $txt['keycaptcha_enabled'], '</label> <span style="font-weight: normal;">(<a href="', $scripturl, '?action=helpadmin;help=keycaptcha_enabled" onclick="return reqWin(this.href);">?</a>):<br/>
								<span class="smalltext">', $txt['keycaptcha_enable_desc'],'</span>
							</th>
							<td width="50%" align="left">
								<input type="checkbox" name="keycaptchaEnable" id="keycaptchaEnable_check" ', !empty($modSettings['keycaptcha_enabled']) ? 'checked="checked"' : '', ' class="check" />
							</td>
						</tr><tr class="windowbg2" valign="top">
							<th width="50%" align="right">
								<label for="keycaptchaPrivateKey_input">', $txt['keycaptcha_private_key'], '</label>:
							</th>
							<td width="50%" align="left">
								<input type="text" name="keycaptchaPrivateKey" id="keycaptchaPrivateKey_input" value="', !empty($modSettings['keycaptcha_private_key']) ? $modSettings['keycaptcha_private_key'] : '', '" size="40" maxlength="40" />
							</td>
						</tr><tr class="windowbg2">
							<td width="100%" colspan="2" align="center">
								<hr />
							</td>
]]></add>
		</operation>
	</file>
	<file name="$themedir/PersonalMessage.template.php">
		<operation>
			<search position="before"><![CDATA[
function template_send()
{
	global $context, $settings, $options, $scripturl, $modSettings, $txt]]></search>
			<add><![CDATA[, $sourcedir]]></add>
		</operation>
		<operation>
			<search position="replace"><![CDATA[
	if ($context['visual_verification'])
	{
		echo '
							<tr>
								<td align="right" valign="top">
									<b>', $txt['pm_visual_verification_label'], ':</b>
								</td>
								<td>';
]]></search>
			<add><![CDATA[
if ($context['visual_verification'] || $context['use_keycaptcha'])
	{
		echo '
					<tr valign="top">
						<td width="40%" valign="top" align="right">
							<b>', $txt['visual_verification_label'], ':</b>';
							if ($context['visual_verification'])
								echo '<div class="smalltext">', $txt['visual_verification_description'], '</div>';
		echo '
						</td>
						<td>';
		if ($context['use_keycaptcha'])
		{
				require("$sourcedir/keycaptcha_class.php");

				$kc_o = new KeyCAPTCHA_CLASS( $modSettings['keycaptcha_private_key']);
				
				echo '<table id="keycaptcha_verification"><tr><td><input type="hidden" id="capcode" name="capcode" value="123" />'.$kc_o->render_js().'</td></tr></table>';
				echo '<noscript>', $txt['noscript_code_notice'], '</noscript>';
				echo '						</td>
					</tr>';
		}
		else
		{
]]></add>
		</operation>
		<operation>
			<search position="after"><![CDATA[
	}

	// Show BBC buttons, smileys and textbox.]]></search>
			<add><![CDATA[
		}
]]></add>
		</operation>
	</file>	
</modification>
