<?xml version="1.0"?>
<!DOCTYPE modification SYSTEM "http://www.simplemachines.org/xml/modification">
<modification xmlns="http://www.simplemachines.org/xml/modification" xmlns:smf="http://www.simplemachines.org/">
	<id>KeyCAPTCHA:KeyCAPTCHA</id>
	<version>2.5</version>
		<file name="$languagedir/index.english-utf8.php"  error="skip">
		<operation>
			<search position="after"><![CDATA[$txt['notification_enable_board'] = 'Are you sure you wish to enable notification of new topics for this board?';]]></search>
			<add><![CDATA[
// KeyCAPTCHA for SMF
$txt['keycaptcha_task_header'] = 'Anti-spam';
$txt['keycaptcha_task_explain'] = 'complete the task';
$txt['keycaptcha_message_noscript'] = 'You should turn on JavaScript on your browser. After that please reload the page. Otherwise you won&#039;t be able to post any information on this site.';

]]></add>
		</operation>
	</file>
	<file name="$languagedir/Errors.english-utf8.php"  error="skip">
		<operation>
			<search position="after"><![CDATA[$txt['smiley_not_found'] = 'Smiley not found.';]]></search>
			<add><![CDATA[
// KeyCAPTCHA for SMF
$txt['error_wrong_keycaptcha'] = 'The solution of task you submitted was incorrect. Please read the instruction and try again.';

]]></add>
		</operation>
	</file>
	<file name="$languagedir/ManageSettings.english-utf8.php"  error="skip">
		<operation>
			<search position="after"><![CDATA[$txt['configure_verification_means'] = 'Configure Verification Methods';]]></search>
			<add><![CDATA[
// KeyCAPTCHA for SMF
$txt['keycaptcha_settings'] = 'KeyCAPTCHA Settings';
$txt['setting_keycaptcha_is_active'] = 'Use KeyCAPTCHA';
$txt['setting_keycaptcha_private_key'] = 'KeyCAPTCHA Private Key';
]]></add>
		</operation>
	</file>
		<file name="$languagedir/Help.english-utf8.php"  error="skip">
		<operation>
			<search position="after"><![CDATA[$helptxt['failed_login_threshold'] = 'Set the number of failed login attempts before directing the user to the password reminder screen.';]]></search>
			<add><![CDATA[
// KeyCAPTCHA for SMF
$helptxt['keycaptcha_settings'] = 'You must register at the <a target="_blank" href="https://www.keycaptcha.com/accounts/reguser"> KeyCAPTCHA site</a>  before turning this option.<br />At the page "My Sites" add information about your site, which you plan to protect with KeyCAPTCHA.<br />All settings for this mod You can see in the "Installation Instructions" in your Free Account at <a target="_blank" href="https://www.keycaptcha.com/sites/list/"> KeyCAPTCHA site</a>';

]]></add>
		</operation>
	</file>
	<file name="$languagedir/index.russian-utf8.php" error="skip">
		<operation>
			<search position="after"><![CDATA[$txt['notification_enable_board'] = ']]></search>
			<add><![CDATA[
// KeyCAPTCHA for SMF
$txt['keycaptcha_task_header'] = 'Анти-спам';
$txt['keycaptcha_task_explain'] = 'выполните задание';
$txt['keycaptcha_message_noscript'] = 'Вы должны разрешить JavaScript в Вашем браузере. После этого, пожалуйста, перезагрузите страницу. Без этого, к сожалению, Вы не сможете отправлять сообщения.';

]]></add>
		</operation>
	</file>
		<file name="$languagedir/Errors.russian-utf8.php"  error="skip">
		<operation>
			<search position="after"><![CDATA[$txt['smiley_not_found'] = ']]></search>
			<add><![CDATA[
// KeyCAPTCHA for SMF
$txt['error_wrong_keycaptcha'] = 'Задание выполнено неверно. Пожалуйста, прочтите инструкцию и попробуйте снова.';

]]></add>
		</operation>
	</file>
	<file name="$languagedir/ManageSettings.russian-utf8.php"  error="skip">
		<operation>
			<search position="after"><![CDATA[$txt['configure_verification_means'] = ']]></search>
			<add><![CDATA[
// KeyCAPTCHA for SMF
$txt['keycaptcha_settings'] = 'Настройки KeyCAPTCHA';
$txt['setting_keycaptcha_is_active'] = 'Использовать защиту KeyCAPTCHA';
$txt['setting_keycaptcha_private_key'] = 'Персональный ключ KeyCAPTCHA ';

]]></add>
		</operation>
	</file>
		<file name="$languagedir/Help.russian-utf8.php"  error="skip">
		<operation>
			<search position="after"><![CDATA[$helptxt['failed_login_threshold'] = ']]></search>
			<add><![CDATA[
// KeyCAPTCHA for SMF
$helptxt['keycaptcha_settings'] = 'Перед использованием данной модификации Вы должны зарегистрироваться на <a target="_blank" href="https://www.keycaptcha.com/accounts/reguser">сайте KeyCAPTCHA</a>.<br />На странице "Мои сайты" добавьте информацию о Вашем форуме, на котором установлена KeyCAPTCHA.<br />Все настройки для использования данной модифкации Вы можете найти в "Инструкции по установке" в Вашем бесплатном аккаунте на <a target="_blank" href="https://www.keycaptcha.com/sites/list/">сайте KeyCAPTCHA</a>';

]]></add>
		</operation>
	</file>
</modification>
