<?xml version="1.0"?>
<!DOCTYPE modification SYSTEM "http://www.simplemachines.org/xml/modification">
<modification xmlns="http://www.simplemachines.org/xml/modification" xmlns:smf="http://www.simplemachines.org/">
	<id>KeyCAPTCHA:KeyCAPTCHA</id>
	<version>2.5</version>

	<file name="$languagedir/Errors.english-utf8.php" error="skip">
		<operation>
			<search position="end"></search>
			<add><![CDATA[
//KeyCAPTCHA for SMF
$txt['visual_verification_failed'] = 'The solution of task you submitted was incorrect. Please read the instruction and try again.';
$txt['error_wrong_verification_code'] = 'The solution of task you submitted was incorrect. Please read the instruction and try again.';
		]]></add>
		</operation>
	</file>
	<file name="$languagedir/Help.english-utf8.php" error="skip">
		<operation>
			<search position="after"><![CDATA[$helptxt['send_validation_onChange'] = ']]></search>
			<add><![CDATA[
//KeyCAPTCHA for SMF
$helptxt['keycaptcha_enabled'] = 'You must register at the <a target="_blank" href="https://www.keycaptcha.com/accounts/reguser"> KeyCAPTCHA site</a>  before turning this option.<br />At the page "My Sites" add information about your site, which you plan to protect with KeyCAPTCHA.<br />All settings for this mod You can see in the "Installation Instructions" in your Free Account at <a target="_blank" href="https://www.keycaptcha.com/sites/list/"> KeyCAPTCHA site</a>';

]]></add>
		</operation>
	</file>
	<file name="$languagedir/Login.english-utf8.php" error="skip">
		<operation>
			<search position="end"></search>
			<add><![CDATA[
//KeyCAPTCHA for SMF
$txt['visual_verification_label'] = 'To prevent automatic filling in of the form you should perform a task';
$txt['visual_verification_description'] = ' ';
$txt['noscript_code_notice'] = 'You should turn on JavaScript on your browser. After that please reload the page. Otherwise you won&#039;t be able to post any information on this site.';
		]]></add>
		</operation>
	</file>

	<file name="$languagedir/Modifications.english-utf8.php" error="skip">
		<operation>
			<search position="end"></search>
			<add><![CDATA[
//KeyCAPTCHA for SMF
$txt['keycaptcha_configure'] = 'KeyCAPTCHA interactive verification system';
$txt['keycaptcha_configure_desc'] = 'Use the KeyCAPTCHA. Don\'t have a key for KeyCAPTCHA? <a href="https://www.keycaptcha.com"> Get your KeyCAPTCHA key here</a>.';
$txt['keycaptcha_enabled'] = 'Use KeyCAPTCHA';
$txt['keycaptcha_enable_desc'] = '(This replaces the built-in visual verification with KeyCAPTCHA)';
$txt['keycaptcha_private_key'] = 'KeyCAPTCHA Private Key';
$txt['visual_verification_label'] = 'To prevent automatic filling in of the form you should perform a task';
$txt['visual_verification_description'] = ' ';
$txt['noscript_code_notice'] = 'You should turn on JavaScript on your browser. After that please reload the page. Otherwise you won&#039;t be able to post any information on this site.';
]]></add>
		</operation>
	</file>

	<file name="$languagedir/Errors.english_british-utf8.php" error="skip">
		<operation>
			<search position="end"></search>
			<add><![CDATA[
//KeyCAPTCHA for SMF
$txt['visual_verification_failed'] = 'The solution of task you submitted was incorrect. Please read the instruction and try again.';
$txt['error_wrong_verification_code'] = 'The solution of task you submitted was incorrect. Please read the instruction and try again.';
		]]></add>
		</operation>
	</file>
	<file name="$languagedir/Help.english_british-utf8.php" error="skip">
		<operation>
			<search position="after"><![CDATA[$helptxt['send_validation_onChange'] = ']]></search>
			<add><![CDATA[
//KeyCAPTCHA for SMF
$helptxt['keycaptcha_enabled'] = 'You must register at the <a target="_blank" href="https://www.keycaptcha.com/accounts/reguser"> KeyCAPTCHA site</a>  before turning this option.<br />At the page "My Sites" add information about your site, which you plan to protect with KeyCAPTCHA.<br />All settings for this mod You can see in the "Installation Instructions" in your Free Account at <a target="_blank" href="https://www.keycaptcha.com/sites/list/"> KeyCAPTCHA site</a>';

]]></add>
		</operation>
	</file>
	<file name="$languagedir/Login.english_british-utf8.php" error="skip">
		<operation>
			<search position="end"></search>
			<add><![CDATA[
//KeyCAPTCHA for SMF
$txt['visual_verification_label'] = 'To prevent automatic filling in of the form you should perform a task';
$txt['visual_verification_description'] = ' ';
$txt['noscript_code_notice'] = 'You should turn on JavaScript on your browser. After that please reload the page. Otherwise you won&#039;t be able to post any information on this site.';
		]]></add>
		</operation>
	</file>
	
	<file name="$languagedir/Modifications.english_british-utf8.php" error="skip">
		<operation>
			<search position="end"></search>
			<add><![CDATA[
//KeyCAPTCHA for SMF
$txt['keycaptcha_configure'] = 'KeyCAPTCHA interactive verification system';
$txt['keycaptcha_configure_desc'] = 'Use the KeyCAPTCHA. Don\'t have a key for KeyCAPTCHA? <a href="https://www.keycaptcha.com"> Get your KeyCAPTCHA key here</a>.';
$txt['keycaptcha_enabled'] = 'Use KeyCAPTCHA';
$txt['keycaptcha_enable_desc'] = '(This replaces the built-in visual verification with KeyCAPTCHA)';
$txt['keycaptcha_private_key'] = 'KeyCAPTCHA Private Key';
$txt['visual_verification_label'] = 'To prevent automatic filling in of the form you should perform a task';
$txt['visual_verification_description'] = ' ';
$txt['noscript_code_notice'] = 'You should turn on JavaScript on your browser. After that please reload the page. Otherwise you won&#039;t be able to post any information on this site.';
]]></add>
		</operation>
	</file>
	
	<file name="$languagedir/Errors.russian-utf8.php" error="skip">
		<operation>
			<search position="end"></search>
			<add><![CDATA[
//KeyCAPTCHA for SMF
$txt['visual_verification_failed'] = 'Вы неправильно выполнили задание. Прочитайте задание и попробуйте еще раз.';
$txt['error_wrong_verification_code'] = 'Вы неправильно выполнили задание. Прочитайте задание и попробуйте еще раз.';
		]]></add>
		</operation>
	</file>
	<file name="$languagedir/Help.russian-utf8.php" error="skip">
		<operation>
			<search position="after"><![CDATA[$helptxt['send_validation_onChange'] = ']]></search>
			<add><![CDATA[
//KeyCAPTCHA for SMF
$helptxt['keycaptcha_enabled'] = 'Перед использованием данной модификации Вы должны зарегистрироваться на <a target="_blank" href="https://www.keycaptcha.com/accounts/reguser">сайте KeyCAPTCHA</a>.<br />На странице "Мои сайты" добавьте информацию о Вашем форуме, на котором установлена KeyCAPTCHA.<br />Все настройки для использования данной модифкации Вы можете найти в "Инструкции по установке" в Вашем бесплатнойм аккаунте на <a target="_blank" href="https://www.keycaptcha.com/sites/list/">сайте KeyCAPTCHA</a>';

]]></add>
		</operation>
	</file>
	<file name="$languagedir/Login.russian-utf8.php" error="skip">
		<operation>
			<search position="end"></search>
			<add><![CDATA[
//KeyCAPTCHA for SMF
$txt['visual_verification_label'] = 'Защита от спама';
$txt['visual_verification_description'] = 'Для подтверждения того, что Вы не робот, пожалуйста, выполните простое задание:';
$txt['noscript_code_notice'] = 'Вы должны включить JavaScript в вашем браузере. После этого перезагрузите страницу. Иначе вы не сможете отправить информацию.';
		]]></add>
		</operation>
	</file>
	
	<file name="$languagedir/Modifications.russian-utf8.php" error="skip">
		<operation>
			<search position="end"></search>
			<add><![CDATA[
//KeyCAPTCHA for SMF
$txt['keycaptcha_configure'] = 'KeyCAPTCHA интерактивная капча';
$txt['keycaptcha_configure_desc'] = 'Для получения секретного ключа, зарегистрируйтесь на <a href="https://www.keycaptcha.com">сайте KeyCAPTCHA</a>.';
$txt['keycaptcha_enabled'] = 'Использовать KeyCAPTCHA';
$txt['keycaptcha_enable_desc'] = '(KeyCAPTCHA заменяет стандартную капчу)';
$txt['keycaptcha_private_key'] = 'KeyCAPTCHA Секретный ключ';
$txt['visual_verification_label'] = 'Защита от спама';
$txt['visual_verification_description'] = 'Для подтверждения того, что Вы не робот, пожалуйста, выполните простое задание:';
$txt['noscript_code_notice'] = 'Вы должны включить JavaScript в вашем браузере. После этого перезагрузите страницу. Иначе вы не сможете отправить информацию.';
]]></add>
		</operation>
	</file>


</modification>
