<?xml version="1.0"?>
<!DOCTYPE package-info SYSTEM "http://www.simplemachines.org/xml/package-info">
<package-info xmlns="http://www.simplemachines.org/xml/package-info" xmlns:smf="http://www.simplemachines.org/">
	<id>KeyCAPTCHA:KeyCAPTCHA</id>
	<name>KeyCAPTCHA for SMF</name>
	<version>2.5</version>
	<type>modification</type>
	<install for="1.1 - 1.1.99">
		<readme parsebbc="true" type="file">readmeEn.txt</readme>
		<require-file name="kc-gettime.php" destination="$sourcedir" />
		<require-file name="keycaptcha_class.php" destination="$sourcedir" />
		<modification type="file">languages1.xml</modification>
		<modification type="file">languages1-utf8.xml</modification>
		<modification type="file">install1.xml</modification>
		<redirect url="$scripturl?action=regcenter;sa=settings" timeout="1000" />
	</install>
	<uninstall for="1.1 - 1.1.99">
		<modification type="file" reverse="true">install1.xml</modification>
		<modification type="file" reverse="true">languages1.xml</modification>
		<modification type="file" reverse="true">languages1-utf8.xml</modification>
		<remove-file name="$sourcedir/keycaptcha_class.php" />
		<remove-file name="$sourcedir/kc-gettime.php" />
		<redirect url="$scripturl?action=packages;sa=installed" timeout="1000" />
	</uninstall>	
	<install for="2.0 RC3">
		<readme parsebbc="true" lang="russian-utf8" type="file">readmeRu-utf8.txt</readme>
		<readme parsebbc="true" lang="russian" type="file">readmeRu.txt</readme>
		<readme parsebbc="true" lang="english" type="file">readmeEn.txt</readme>
		<readme parsebbc="true" lang="english-utf8" type="file">readmeEn-utf8.txt</readme>
		<require-file name="kc-gettime.php" destination="$sourcedir" />
		<require-file name="keycaptcha_class.php" destination="$sourcedir" />
		<modification type="file">languages2.xml</modification>
		<modification type="file">languages2-utf8.xml</modification>
		<modification type="file">install2RC3.xml</modification>
		<redirect url="$scripturl?action=admin;area=securitysettings;sa=spam;" timeout="1000" />
	</install>
	<install for="2.0 RC4 - 2.0 RC5">
		<readme parsebbc="true" lang="russian-utf8" type="file">readmeRu-utf8.txt</readme>
		<readme parsebbc="true" lang="russian" type="file">readmeRu.txt</readme>
		<readme parsebbc="true" lang="english" type="file">readmeEn.txt</readme>
		<readme parsebbc="true" lang="english-utf8" type="file">readmeEn-utf8.txt</readme>
		<require-file name="kc-gettime.php" destination="$sourcedir" />
		<require-file name="keycaptcha_class.php" destination="$sourcedir" />
		<modification type="file">languages2.xml</modification>
		<modification type="file">languages2-utf8.xml</modification>
		<modification type="file">install2RC5.xml</modification>
		<redirect url="$scripturl?action=admin;area=securitysettings;sa=spam;" timeout="1000" />
	</install>
	<uninstall for="2.0 RC3">
		<modification type="file" reverse="true">install2RC3.xml</modification>
		<modification type="file" reverse="true">languages2.xml</modification>
		<modification type="file" reverse="true">languages2-utf8.xml</modification>
		<remove-file name="$sourcedir/keycaptcha_class.php" />
		<remove-file name="$sourcedir/kc-gettime.php" />
		<redirect url="$scripturl?action=admin;area=packages;sa=browse" timeout="1000" />
	</uninstall>	
	<uninstall for="2.0 RC4 - 2.0 RC5">
		<modification type="file" reverse="true">install2RC5.xml</modification>
		<modification type="file" reverse="true">languages2.xml</modification>
		<modification type="file" reverse="true">languages2-utf8.xml</modification>
		<remove-file name="$sourcedir/keycaptcha_class.php" />
		<remove-file name="$sourcedir/kc-gettime.php" />
		<redirect url="$scripturl?action=admin;area=packages;sa=browse" timeout="1000" />
	</uninstall>
	<install for="2.0 - 2.0.4">
		<readme parsebbc="true" lang="russian-utf8" type="file">readmeRu-utf8.txt</readme>
		<readme parsebbc="true" lang="russian" type="file">readmeRu.txt</readme>
		<readme parsebbc="true" lang="english" type="file">readmeEn.txt</readme>
		<readme parsebbc="true" lang="english-utf8" type="file">readmeEn-utf8.txt</readme>
		<require-file name="kc-gettime.php" destination="$sourcedir" />
		<require-file name="keycaptcha_class.php" destination="$sourcedir" />
		<modification type="file">languages2.xml</modification>
		<modification type="file">languages2-utf8.xml</modification>
		<modification type="file">install2.xml</modification>
		<redirect url="$scripturl?action=admin;area=securitysettings;sa=spam;" timeout="1000" />
	</install>
	<uninstall for="2.0 - 2.0.4">
		<modification type="file" reverse="true">install2.xml</modification>
		<modification type="file" reverse="true">languages2.xml</modification>
		<modification type="file" reverse="true">languages2-utf8.xml</modification>
		<remove-file name="$sourcedir/keycaptcha_class.php" />
		<remove-file name="$sourcedir/kc-gettime.php" />
		<redirect url="$scripturl?action=admin;area=packages;sa=browse" timeout="1000" />
	</uninstall>
	
</package-info>
