<?xml version="1.0"?>
<!DOCTYPE modification SYSTEM "http://www.simplemachines.org/xml/modification">
<modification xmlns="http://www.simplemachines.org/xml/modification" xmlns:smf="http://www.simplemachines.org/">
	<id>Johncccccc:6CustomButtons/Tabs</id>
	<version>1.0</version>
	<info>This addon for 6 custom buttons mod will extend you customizable
menu to have 8 sub buttons, all will be customizable the same
way the 1st 4 are.</info>
	<file name="$sourcedir/ManageSettings.php">
		<operation>
			<search position="replace"><![CDATA[
                //Subs for button 1 - 4
        array('text', 'label_subcustombuttons1_1'),
        array('text', 'url_subcustombuttons1_1'),
        array('text', 'label_subcustombuttons1_2'),
        array('text', 'url_subcustombuttons1_2'),
        array('text', 'label_subcustombuttons1_3'),
        array('text', 'url_subcustombuttons1_3'),
        array('text', 'label_subcustombuttons1_4'),
        array('text', 'url_subcustombuttons1_4'),
]]></search>
			<add><![CDATA[
        array('text', 'label_subcustombuttons1_1'),
        array('text', 'url_subcustombuttons1_1'),
        
        array('text', 'label_subcustombuttons1_2'),
        array('text', 'url_subcustombuttons1_2'),
        
        array('text', 'label_subcustombuttons1_3'),
        array('text', 'url_subcustombuttons1_3'),
        
        array('text', 'label_subcustombuttons1_4'),
        array('text', 'url_subcustombuttons1_4'),
        
        array('text', 'label_subcustombuttons1_5'),
        array('text', 'url_subcustombuttons1_5'),
        
        array('text', 'label_subcustombuttons1_6'),
        array('text', 'url_subcustombuttons1_6'),
        
        array('text', 'label_subcustombuttons1_7'),
        array('text', 'url_subcustombuttons1_7'),
        
        array('text', 'label_subcustombuttons1_8'),
        array('text', 'url_subcustombuttons1_8'),
]]></add>
		</operation>
	</file>
	<file name="$sourcedir/Subs.php">
		<operation>
			<search position="before"><![CDATA[
                    'subbutton4' => array( 
                        'title' => !empty ($modSettings['label_subcustombuttons1_4']) ? $modSettings['label_subcustombuttons1_4'] : '',
                        'href' => !empty ($modSettings['url_subcustombuttons1_4']) ? $modSettings['url_subcustombuttons1_4'] : $scripturl,
                        'show' => !empty ($modSettings['label_subcustombuttons1_4']) ? true : false
                        ),
]]></search>
			<add><![CDATA[
                    'subbutton5' => array( 
                        'title' => !empty ($modSettings['label_subcustombuttons1_5']) ? $modSettings['label_subcustombuttons1_5'] : '',
                        'href' => !empty ($modSettings['url_subcustombuttons1_5']) ? $modSettings['url_subcustombuttons1_5'] : $scripturl,
                        'show' => !empty ($modSettings['label_subcustombuttons1_5']) ? true : false
                        ),
                    'subbutton6' => array( 
                        'title' => !empty ($modSettings['label_subcustombuttons1_6']) ? $modSettings['label_subcustombuttons1_6'] : '',
                        'href' => !empty ($modSettings['url_subcustombuttons1_6']) ? $modSettings['url_subcustombuttons1_6'] : $scripturl,
                        'show' => !empty ($modSettings['label_subcustombuttons1_6']) ? true : false
                        ),
                    'subbutton7' => array( 
                        'title' => !empty ($modSettings['label_subcustombuttons1_7']) ? $modSettings['label_subcustombuttons1_7'] : '',
                        'href' => !empty ($modSettings['url_subcustombuttons1_7']) ? $modSettings['url_subcustombuttons1_7'] : $scripturl,
                        'show' => !empty ($modSettings['label_subcustombuttons1_7']) ? true : false
                        ),
                    'subbutton8' => array( 
                        'title' => !empty ($modSettings['label_subcustombuttons1_8']) ? $modSettings['label_subcustombuttons1_8'] : '',
                        'href' => !empty ($modSettings['url_subcustombuttons1_8']) ? $modSettings['url_subcustombuttons1_8'] : $scripturl,
                        'show' => !empty ($modSettings['label_subcustombuttons1_8']) ? true : false
                        ),
]]></add>
		</operation>
	</file>
	<file name="$themedir/languages/Modifications.english.php">
		<operation>
			<search position="before"><![CDATA[
    //Sub button 4
$txt['label_subcustombuttons1_4'] = 'Insert 4th menu item\'s label for this button';
$txt['url_subcustombuttons1_4'] = 'Insert 4th menu item\'s URL address for this button (must include http://)<br /><br />';
    //End of button 1 and its sub menu items
]]></search>
			<add><![CDATA[
    //Menu Extensions for button 1
    //Sub button 5
$txt['label_subcustombuttons1_5'] = 'Insert 5th menu item\'s label for this button';
$txt['url_subcustombuttons1_5'] = 'Insert 5th menu item\'s URL address for this button (must include http://)<br /><br />';

    //Sub button 6
$txt['label_subcustombuttons1_6'] = 'Insert 6th menu item\'s label for this button';
$txt['url_subcustombuttons1_6'] = 'Insert 6th menu item\'s URL address for this button (must include http://)<br /><br />';

    //Sub button 7
$txt['label_subcustombuttons1_7'] = 'Insert 7th menu item\'s label for this button';
$txt['url_subcustombuttons1_7'] = 'Insert 7th menu item\'s URL address for this button (must include http://)<br /><br />';

    //Sub button 8
$txt['label_subcustombuttons1_8'] = 'Insert 8th menu item\'s label for this button';
$txt['url_subcustombuttons1_8'] = 'Insert 8th menu item\'s URL address for this button (must include http://)<br /><br />';
    //End of Menu extension for button 1
]]></add>
		</operation>
	</file>
</modification>
