<?xml version="1.0"?>
<!DOCTYPE package-info SYSTEM "http://www.simplemachines.org/xml/package-info">
<package-info xmlns="http://www.simplemachines.org/xml/package-info" xmlns:smf="http://www.simplemachines.org/">
	<name>Button 1 Menu Extender for 6 custom buttons mod</name>
	<id>Johncccccc:6CustomButtons/Tabs</id>
	<type>modification</type>
	<version>1.0</version>
	<install>
		<readme type="inline">This addon for 6 custom buttons mod will extend you customizable
menu to have 8 sub buttons, all will be customizable the same
way the 1st 4 are.</readme>
		<modification type="file">MENU_EXTENDER_BUTTON_1.xml</modification>
	</install>
	<uninstall>
		<readme type="inline">This addon for 6 custom buttons mod will extend you customizable
menu to have 8 sub buttons, all will be customizable the same
way the 1st 4 are.</readme>
		<modification type="file" reverse="true">MENU_EXTENDER_BUTTON_1.xml</modification>
	</uninstall>
</package-info>
