<?xml version="1.0"?>
<!DOCTYPE modification SYSTEM "http://www.simplemachines.org/xml/modification">

<modification xmlns="http://www.simplemachines.org/xml/modification" xmlns:smf="http://www.simplemachines.org/">
	<id>^HeRaCLeS^:AdkMenuButtons</id>
	<version>1.0</version>
	
	<file name="$languagedir/Modifications.english-utf8.php" error="skip">
		<operation>
			<search position="end" />
		<add><![CDATA[
// Begin Adk Menu Buttons

$txt['texto-13'] = 'Adk Menu Buttons';
$txt['texto-14'] = 'Enable Buttons';
$txt['texto-15'] = 'Enable button 1';
$txt['texto-16'] = 'Enable button 2';
$txt['texto-17'] = 'Enable button 3';
$txt['texto-18'] = 'Enable button 4';
$txt['texto-19'] = 'Enable button 5';
$txt['texto-20'] = 'Enable button 6';
$txt['texto-21'] = 'Write the URL of the button 1';
$txt['texto-22'] = 'Write the URL of the button 2';
$txt['texto-23'] = 'Write the URL of the button 3';
$txt['texto-24'] = 'Write the URL of the button 4';
$txt['texto-25'] = 'Write the URL of the button 5';
$txt['texto-26'] = 'Write the URL of the button 6';
$txt['texto-28'] = 'Name button 1';
$txt['texto-29'] = 'Name button 2';
$txt['texto-30'] = 'Name button 3';
$txt['texto-31'] = 'Name button 4';
$txt['texto-32'] = 'Name button 5';
$txt['texto-33'] = 'Name button 6';
$txt['texto-34'] = 'Align Right';
$txt['texto-35'] = 'Align Right';
$txt['texto-36'] = 'Align Right';
$txt['texto-37'] = 'Align Right';
$txt['texto-38'] = 'Align Right';
$txt['texto-39'] = 'Align Right';

// End Adk Menu Buttons

]]></add>
		</operation>
	</file>
	
	<file name="$languagedir/Modifications.english.php">
		<operation>
			<search position="end" />
			<add><![CDATA[
// Begin Adk Menu Buttons

$txt['texto-13'] = 'Adk Menu Buttons';
$txt['texto-14'] = 'Enable Buttons';
$txt['texto-15'] = 'Enable button 1';
$txt['texto-16'] = 'Enable button 2';
$txt['texto-17'] = 'Enable button 3';
$txt['texto-18'] = 'Enable button 4';
$txt['texto-19'] = 'Enable button 5';
$txt['texto-20'] = 'Enable button 6';
$txt['texto-21'] = 'Write the URL of the button 1';
$txt['texto-22'] = 'Write the URL of the button 2';
$txt['texto-23'] = 'Write the URL of the button 3';
$txt['texto-24'] = 'Write the URL of the button 4';
$txt['texto-25'] = 'Write the URL of the button 5';
$txt['texto-26'] = 'Write the URL of the button 6';
$txt['texto-28'] = 'Name button 1';
$txt['texto-29'] = 'Name button 2';
$txt['texto-30'] = 'Name button 3';
$txt['texto-31'] = 'Name button 4';
$txt['texto-32'] = 'Name button 5';
$txt['texto-33'] = 'Name button 6';
$txt['texto-34'] = 'Align Right';
$txt['texto-35'] = 'Align Right';
$txt['texto-36'] = 'Align Right';
$txt['texto-37'] = 'Align Right';
$txt['texto-38'] = 'Align Right';
$txt['texto-39'] = 'Align Right';

// End Adk Menu Buttons

]]></add>
		</operation>
	</file>	
</modification>