<?xml version="1.0"?>
<!DOCTYPE modification SYSTEM "http://www.simplemachines.org/xml/modification">

<modification xmlns="http://www.simplemachines.org/xml/modification" xmlns:smf="http://www.simplemachines.org/">
	<id>^HeRaCLeS^:AdkMenuButtons</id>
	<version>1.0</version>
	
	<file name="$sourcedir/ManageSettings.php">
		<operation>
			<search position="before"><![CDATA[		// Mod authors, add any settings UNDER this line. Include a comma at the end of the line and don't remove this statement!!
]]></search>
			<add><![CDATA[
	//Adk Menu Buttons
	$txt['texto-13'],
	'',
		array('check', 'texto-14'),
	'',
		array('check', 'texto-15'),
		array('text', 'texto-21', '20'),
		array('text', 'texto-28', '20'),
		array('check', 'texto-34'),
	'',
		array('check', 'texto-16'),
		array('text', 'texto-22', '20'),
		array('text', 'texto-29', '20'),
		array('check', 'texto-35'),
	'',
		array('check', 'texto-17'),
		array('text', 'texto-23', '20'),
		array('text', 'texto-30', '20'),
		array('check', 'texto-36'),
	'',
		array('check', 'texto-18'),
		array('text', 'texto-24', '20'),
		array('text', 'texto-31', '20'),
		array('check', 'texto-37'),
	'',
		array('check', 'texto-19'),
		array('text', 'texto-25', '20'),
		array('text', 'texto-32', '20'),
		array('check', 'texto-38'),
	'',
		array('check', 'texto-20'),
		array('text', 'texto-26', '20'),
		array('text', 'texto-33', '20'),
		array('check', 'texto-39'),
			
]]></add>
		</operation>
	</file>
	<file name="$themedir/css/index.css">
				<operation>
			<search position="end" />
				<add><![CDATA[

/*Adk Menu Buttons*/
.buttons_tools
{
	clear: both;
	margin:0 auto;
	overflow: hidden;
	padding-top: 5px;
	padding-left: 5px;
	width: 864px;
}
.buttons_tools h2
{
	display: block;
	margin-right: 5px;
	background: url(../images/Boton/Boton.png) no-repeat top left;
}
.buttons_tools h2:hover
{
	opacity: 0.5;
	background: url(../images/Boton/Boton-h.png) no-repeat top left;
}
.buttons_tools a
{
	background: url(../images/Boton/Icono-Boton.png) no-repeat ;
	width: 109px;
	text-decoration: none !important;
	text-align: center;
	color: #000;
	font-weight: bold;
	padding-left: 30px;
	font-size: 13px;
	display: block;
	height: 34px;
	line-height: 38px;
}
.buttons_tools a.custom
{
	background-position: 0px;
}
.buttons_tools a.tutorials
{
	background-position: 0px;
}
.buttons_tools a.demos
{
	background-position: 0px;
}
.buttons_tools a.downsl
{
	background-position: 0px;
}
.buttons_tools a.allt
{
	background-position: 0px;
}

]]></add>
		</operation>
	</file>
	<file name="$themedir/index.template.php">
		<operation>
			<search position="before"><![CDATA[	template_menu();]]></search>
			<add><![CDATA[
	Botonera();
]]></add>
		</operation>
				<operation>
			<search position="end" />
				<add><![CDATA[
function Botonera()
{
	global $txt, $boardurl, $scripturl, $modSettings;
	if (!empty($modSettings['texto-14'])){
		if ((empty($modSettings['texto-15'])) && (empty($modSettings['texto-16'])) && (empty($modSettings['texto-17'])) && (empty($modSettings['texto-18'])) && (empty($modSettings['texto-19'])) && (empty($modSettings['texto-20']))) {
			return;
		}
		else {
			echo '
				<br /><br />
				<div style="text-align: center;">
					<div class="buttons_tools">';
			if (!empty($modSettings['texto-15'])){
				$buttons = array(
					'uno' => array(
						'href' => !empty($modSettings['texto-21']) ? $modSettings['texto-21'] : $scripturl,
						'text' => !empty($modSettings['texto-28']) ? $modSettings['texto-28'] : 'Button 1',
						'target' => '_blank',
						'title' => !empty($modSettings['texto-28']) ? $modSettings['texto-28'] : 'Button 1',
						'align' => !empty($modSettings['texto-34']) ? 'right' : 'left',
					),
				);
			}
			if (!empty($modSettings['texto-16'])) {
				$buttons['dos'] = array(
						'href' => !empty($modSettings['texto-22']) ? $modSettings['texto-22'] : $scripturl,
						'text' => !empty($modSettings['texto-29']) ? $modSettings['texto-29'] : 'Button 2',
						'target' => '_blank',
						'title' => !empty($modSettings['texto-29']) ? $modSettings['texto-29'] : 'Button 2',
						'align' => !empty($modSettings['texto-35']) ? 'right' : 'left',
				);
			}
			if (!empty($modSettings['texto-17'])) {
				$buttons['tres'] = array(
						'href' => !empty($modSettings['texto-23']) ? $modSettings['texto-23'] : $scripturl,
						'text' => !empty($modSettings['texto-30']) ? $modSettings['texto-30'] : 'Button 3',
						'target' => '_blank',
						'title' => !empty($modSettings['texto-30']) ? $modSettings['texto-30'] : 'Button 3',
						'align' => !empty($modSettings['texto-36']) ? 'right' : 'left',
				);
			}
			if (!empty($modSettings['texto-18'])) {
				$buttons['cuatro'] = array(
						'href' => !empty($modSettings['texto-24']) ? $modSettings['texto-24'] : $scripturl,
						'text' => !empty($modSettings['texto-31']) ? $modSettings['texto-31'] : 'Button 4',
						'target' => '_blank',
						'title' => !empty($modSettings['texto-31']) ? $modSettings['texto-31'] : 'Button 4',
						'align' => !empty($modSettings['texto-37']) ? 'right' : 'left',
				);
			}
			if (!empty($modSettings['texto-19'])) {
				$buttons['cinco'] = array(
						'href' => !empty($modSettings['texto-25']) ? $modSettings['texto-25'] : $scripturl,
						'text' => !empty($modSettings['texto-32']) ? $modSettings['texto-32'] : 'Button 5',
						'target' => '_blank',
						'title' => !empty($modSettings['texto-32']) ? $modSettings['texto-32'] : 'Button 5',
						'align' => !empty($modSettings['texto-38']) ? 'right' : 'left',
				);
			}
			if (!empty($modSettings['texto-20'])) {
				$buttons['seis'] = array(
						'href' => !empty($modSettings['texto-26']) ? $modSettings['texto-26'] : $scripturl,
						'text' => !empty($modSettings['texto-33']) ? $modSettings['texto-33'] : 'Button 6',
						'target' => '_blank',
						'title' => !empty($modSettings['texto-33']) ? $modSettings['texto-33'] : 'Button 6',
						'align' => !empty($modSettings['texto-39']) ? 'right' : 'left',
				);
			}
			$count = count($buttons);
			foreach ($buttons as $act => $button)
				echo'
					<h2 style="float:'.$button['align'].'">
						<a title="', $button['title'] ,'" href="', $button['href'], '"', isset($button['target']) ? ' target="' . $button['target'] . '"' : '', '>
							', $button['text'], '
						</a>
					</h2>
				';
			echo'</div>
				</div>';
		}
	}
}
]]></add>
		</operation>
	</file>
	
</modification>