<?xml version="1.0"?>
<!DOCTYPE package-info SYSTEM "http://www.simplemachines.org/xml/package-info">
<package-info xmlns="http://www.simplemachines.org/xml/package-info" xmlns:smf="http://www.simplemachines.org/">
	<id>^HeRaCLeS^:AdkMenuButtons</id>
	<name>Adk Menu Buttons</name>
	<version>1.0</version>
	<type>modification</type>
		
	<install for="2.0 - 2.0.99">
	<readme parsebbc="true">readme.txt</readme>
		<modification type="file">install20.xml</modification>
		<modification type="file">english.xml</modification>
		<modification type="file">spanish.xml</modification>
		<modification type="file">portuguese.xml</modification>
		<modification type="file">persian.xml</modification>
		<require-dir name="Boton" destination="$imagesdir" />
    <redirect url="$scripturl?action=admin;area=modsettings;sa=general;" timeout="3000">redirect.txt</redirect>
	</install>
	
	<uninstall for="2.0 - 2.0.99">
		<modification type="file" reverse="true">install20.xml</modification>
		<modification type="file" reverse="true">english.xml</modification>
		<modification type="file" reverse="true">spanish.xml</modification>
		<modification type="file" reverse="true">portuguese.xml</modification>
		<modification type="file" reverse="true">persian.xml</modification>
		<remove-dir name="$imagesdir/Boton" />
	</uninstall>

</package-info>