﻿<?xml version="1.0"?>
<!DOCTYPE modification SYSTEM "http://www.simplemachines.org/xml/modification">

<modification xmlns="http://www.simplemachines.org/xml/modification" xmlns:smf="http://www.simplemachines.org/">
	<id>^HeRaCLeS^:AdkMenuButtons</id>
	<version>1.0</version>
	
	<file name="$languagedir/Modifications.persian-utf8.php" error="skip">
		<operation>
			<search position="end" />
		<add><![CDATA[
// Begin Adk Menu Buttons

$txt['texto-13'] = 'منوی پیشرفته ی Adk';
$txt['texto-14'] = 'فعال کردن دکمه ها';
$txt['texto-15'] = 'فعال کردن دکمه 1';
$txt['texto-16'] = 'فعال کردن دکمه 2';
$txt['texto-17'] = 'فعال کردن دکمه 3';
$txt['texto-18'] = 'فعال کردن دکمه 4';
$txt['texto-19'] = 'فعال کردن دکمه 5';
$txt['texto-20'] = 'فعال کردن دکمه 6';
$txt['texto-21'] = 'آدرس لینک دکمه ی 1 را بنویسید';
$txt['texto-22'] = 'آدرس لینک دکمه ی 2 را بنویسید';
$txt['texto-23'] = 'آدرس لینک دکمه ی 3 را بنویسید';
$txt['texto-24'] = 'آدرس لینک دکمه ی 4 را بنویسید';
$txt['texto-25'] = 'آدرس لینک دکمه ی 5 را بنویسید';
$txt['texto-26'] = 'آدرس لینک دکمه ی 6 را بنویسید';
$txt['texto-28'] = 'عنوان دکمه ی 1';
$txt['texto-29'] = 'عنوان دکمه ی 2';
$txt['texto-30'] = 'عنوان دکمه ی 3';
$txt['texto-31'] = 'عنوان دکمه ی 4';
$txt['texto-32'] = 'عنوان دکمه ی 5';
$txt['texto-33'] = 'عنوان دکمه ی 6';
$txt['texto-34'] = 'راست چین کردن';
$txt['texto-35'] = 'راست چین کردن';
$txt['texto-36'] = 'راست چین کردن';
$txt['texto-37'] = 'راست چین کردن';
$txt['texto-38'] = 'راست چین کردن';
$txt['texto-39'] = 'راست چین کردن';

// End Adk Menu Buttons

]]></add>
		</operation>
	</file>
	
	<file name="$languagedir/Modifications.persian.php" error="skip">
		<operation>
			<search position="end" />
			<add><![CDATA[
// Begin Adk Menu Buttons

$txt['texto-13'] = 'منوی پیشرفته ی Adk';
$txt['texto-14'] = 'فعال کردن دکمه ها';
$txt['texto-15'] = 'فعال کردن دکمه 1';
$txt['texto-16'] = 'فعال کردن دکمه 2';
$txt['texto-17'] = 'فعال کردن دکمه 3';
$txt['texto-18'] = 'فعال کردن دکمه 4';
$txt['texto-19'] = 'فعال کردن دکمه 5';
$txt['texto-20'] = 'فعال کردن دکمه 6';
$txt['texto-21'] = 'آدرس لینک دکمه ی 1 را بنویسید';
$txt['texto-22'] = 'آدرس لینک دکمه ی 2 را بنویسید';
$txt['texto-23'] = 'آدرس لینک دکمه ی 3 را بنویسید';
$txt['texto-24'] = 'آدرس لینک دکمه ی 4 را بنویسید';
$txt['texto-25'] = 'آدرس لینک دکمه ی 5 را بنویسید';
$txt['texto-26'] = 'آدرس لینک دکمه ی 6 را بنویسید';
$txt['texto-28'] = 'عنوان دکمه ی 1';
$txt['texto-29'] = 'عنوان دکمه ی 2';
$txt['texto-30'] = 'عنوان دکمه ی 3';
$txt['texto-31'] = 'عنوان دکمه ی 4';
$txt['texto-32'] = 'عنوان دکمه ی 5';
$txt['texto-33'] = 'عنوان دکمه ی 6';
$txt['texto-34'] = 'راست چین کردن';
$txt['texto-35'] = 'راست چین کردن';
$txt['texto-36'] = 'راست چین کردن';
$txt['texto-37'] = 'راست چین کردن';
$txt['texto-38'] = 'راست چین کردن';
$txt['texto-39'] = 'راست چین کردن';

// End Adk Menu Buttons

]]></add>
		</operation>
	</file>	
</modification>