<?xml version="1.0"?>
<!DOCTYPE modification SYSTEM "http://www.simplemachines.org/xml/modification">

<modification xmlns="http://www.simplemachines.org/xml/modification" xmlns:smf="http://www.simplemachines.org/">
	<id>^HeRaCLeS^:AdkMenuButtons</id>
	<version>1.0</version>
	
	<file name="$languagedir/Modifications.portuguese_Pt-utf8.php" error="skip">
		<operation>
			<search position="end" />
		<add><![CDATA[
// Begin Adk Menu Buttons tranalste By Candidosa2

$txt['texto-13'] = 'Adk Menu de bot&otilde;es';
$txt['texto-14'] = 'Activar bot&otilde;es';
$txt['texto-15'] = 'Activar bot&otilde;es 1';
$txt['texto-16'] = 'Activar bot&otilde;es 2';
$txt['texto-17'] = 'Activar bot&otilde;es 3';
$txt['texto-18'] = 'Activar bot&otilde;es 4';
$txt['texto-19'] = 'Activar bot&otilde;es 5';
$txt['texto-20'] = 'Activar bot&otilde;es 6';
$txt['texto-21'] = 'Escreva a URL do bot&atilde;o 1';
$txt['texto-22'] = 'Escreva a URL do bot&atilde;o 2';
$txt['texto-23'] = 'Escreva a URL do bot&atilde;o 3';
$txt['texto-24'] = 'Escreva a URL do bot&atilde;o 4';
$txt['texto-25'] = 'Escreva a URL do bot&atilde;o 5';
$txt['texto-26'] = 'Escreva a URL do bot&atilde;o 6';
$txt['texto-28'] = 'Nome do bot&atilde;o 1';
$txt['texto-29'] = 'Nome do bot&atilde;o 2';
$txt['texto-30'] = 'Nome do bot&atilde;o 3';
$txt['texto-31'] = 'Nome do bot&atilde;o 4';
$txt['texto-32'] = 'Nome do bot&atilde;o 5';
$txt['texto-33'] = 'Nome do bot&atilde;o 6';
$txt['texto-34'] = 'Alinhar &agrave; Direita';
$txt['texto-35'] = 'Alinhar &agrave; Direita';
$txt['texto-36'] = 'Alinhar &agrave; Direita';
$txt['texto-37'] = 'Alinhar &agrave; Direita';
$txt['texto-38'] = 'Alinhar &agrave; Direita';
$txt['texto-39'] = 'Alinhar &agrave; Direita';

// End Adk Menu Buttons Support SMFPT ( PT/BR )

]]></add>
		</operation>
	</file>
	
	<file name="$languagedir/Modifications.portuguese_Pt.php" error="skip">
		<operation>
			<search position="end" />
			<add><![CDATA[
// Begin Adk Menu Buttons tranalste By Candidosa2

$txt['texto-13'] = 'Adk Menu de bot&otilde;es';
$txt['texto-14'] = 'Activar bot&otilde;es';
$txt['texto-15'] = 'Activar bot&otilde;es 1';
$txt['texto-16'] = 'Activar bot&otilde;es 2';
$txt['texto-17'] = 'Activar bot&otilde;es 3';
$txt['texto-18'] = 'Activar bot&otilde;es 4';
$txt['texto-19'] = 'Activar bot&otilde;es 5';
$txt['texto-20'] = 'Activar bot&otilde;es 6';
$txt['texto-21'] = 'Escreva a URL do bot&atilde;o 1';
$txt['texto-22'] = 'Escreva a URL do bot&atilde;o 2';
$txt['texto-23'] = 'Escreva a URL do bot&atilde;o 3';
$txt['texto-24'] = 'Escreva a URL do bot&atilde;o 4';
$txt['texto-25'] = 'Escreva a URL do bot&atilde;o 5';
$txt['texto-26'] = 'Escreva a URL do bot&atilde;o 6';
$txt['texto-28'] = 'Nome do bot&atilde;o 1';
$txt['texto-29'] = 'Nome do bot&atilde;o 2';
$txt['texto-30'] = 'Nome do bot&atilde;o 3';
$txt['texto-31'] = 'Nome do bot&atilde;o 4';
$txt['texto-32'] = 'Nome do bot&atilde;o 5';
$txt['texto-33'] = 'Nome do bot&atilde;o 6';
$txt['texto-34'] = 'Alinhar &agrave; Direita';
$txt['texto-35'] = 'Alinhar &agrave; Direita';
$txt['texto-36'] = 'Alinhar &agrave; Direita';
$txt['texto-37'] = 'Alinhar &agrave; Direita';
$txt['texto-38'] = 'Alinhar &agrave; Direita';
$txt['texto-39'] = 'Alinhar &agrave; Direita';

// End Adk Menu Buttons Support SMFPT ( PT/BR )


]]></add>
		</operation>
	</file>	
	<file name="$languagedir/Modifications.portuguese_brazilian.php" error="skip">
		<operation>
			<search position="end" />
			<add><![CDATA[
// Begin Adk Menu Buttons tranalste By Candidosa2

$txt['texto-13'] = 'Adk Menu de bot&otilde;es';
$txt['texto-14'] = 'Activar bot&otilde;es';
$txt['texto-15'] = 'Activar bot&otilde;es 1';
$txt['texto-16'] = 'Activar bot&otilde;es 2';
$txt['texto-17'] = 'Activar bot&otilde;es 3';
$txt['texto-18'] = 'Activar bot&otilde;es 4';
$txt['texto-19'] = 'Activar bot&otilde;es 5';
$txt['texto-20'] = 'Activar bot&otilde;es 6';
$txt['texto-21'] = 'Escreva a URL do bot&atilde;o 1';
$txt['texto-22'] = 'Escreva a URL do bot&atilde;o 2';
$txt['texto-23'] = 'Escreva a URL do bot&atilde;o 3';
$txt['texto-24'] = 'Escreva a URL do bot&atilde;o 4';
$txt['texto-25'] = 'Escreva a URL do bot&atilde;o 5';
$txt['texto-26'] = 'Escreva a URL do bot&atilde;o 6';
$txt['texto-28'] = 'Nome do bot&atilde;o 1';
$txt['texto-29'] = 'Nome do bot&atilde;o 2';
$txt['texto-30'] = 'Nome do bot&atilde;o 3';
$txt['texto-31'] = 'Nome do bot&atilde;o 4';
$txt['texto-32'] = 'Nome do bot&atilde;o 5';
$txt['texto-33'] = 'Nome do bot&atilde;o 6';
$txt['texto-34'] = 'Alinhar &agrave; Direita';
$txt['texto-35'] = 'Alinhar &agrave; Direita';
$txt['texto-36'] = 'Alinhar &agrave; Direita';
$txt['texto-37'] = 'Alinhar &agrave; Direita';
$txt['texto-38'] = 'Alinhar &agrave; Direita';
$txt['texto-39'] = 'Alinhar &agrave; Direita';

// End Adk Menu Buttons Support SMFPT ( PT/BR )


]]></add>
		</operation>
	</file>	
	<file name="$languagedir/Modifications.portuguese_brazilian-utf8.php" error="skip">
		<operation>
			<search position="end" />
			<add><![CDATA[
// Begin Adk Menu Buttons tranalste By Candidosa2

$txt['texto-13'] = 'Adk Menu de bot&otilde;es';
$txt['texto-14'] = 'Activar bot&otilde;es';
$txt['texto-15'] = 'Activar bot&otilde;es 1';
$txt['texto-16'] = 'Activar bot&otilde;es 2';
$txt['texto-17'] = 'Activar bot&otilde;es 3';
$txt['texto-18'] = 'Activar bot&otilde;es 4';
$txt['texto-19'] = 'Activar bot&otilde;es 5';
$txt['texto-20'] = 'Activar bot&otilde;es 6';
$txt['texto-21'] = 'Escreva a URL do bot&atilde;o 1';
$txt['texto-22'] = 'Escreva a URL do bot&atilde;o 2';
$txt['texto-23'] = 'Escreva a URL do bot&atilde;o 3';
$txt['texto-24'] = 'Escreva a URL do bot&atilde;o 4';
$txt['texto-25'] = 'Escreva a URL do bot&atilde;o 5';
$txt['texto-26'] = 'Escreva a URL do bot&atilde;o 6';
$txt['texto-28'] = 'Nome do bot&atilde;o 1';
$txt['texto-29'] = 'Nome do bot&atilde;o 2';
$txt['texto-30'] = 'Nome do bot&atilde;o 3';
$txt['texto-31'] = 'Nome do bot&atilde;o 4';
$txt['texto-32'] = 'Nome do bot&atilde;o 5';
$txt['texto-33'] = 'Nome do bot&atilde;o 6';
$txt['texto-34'] = 'Alinhar &agrave; Direita';
$txt['texto-35'] = 'Alinhar &agrave; Direita';
$txt['texto-36'] = 'Alinhar &agrave; Direita';
$txt['texto-37'] = 'Alinhar &agrave; Direita';
$txt['texto-38'] = 'Alinhar &agrave; Direita';
$txt['texto-39'] = 'Alinhar &agrave; Direita';

// End Adk Menu Buttons Support SMFPT ( PT/BR )


]]></add>
		</operation>
	</file>	
</modification>