<?xml version="1.0"?>
<!DOCTYPE modification SYSTEM "http://www.simplemachines.org/xml/modification">

<modification xmlns="http://www.simplemachines.org/xml/modification" xmlns:smf="http://www.simplemachines.org/">
	<id>^HeRaCLeS^:AdkMenuButtons</id>
	<version>1.0</version>
		<file name="$languagedir/Modifications.spanish_latin.php" error="skip">
		<operation>
			<search position="end" />
			<add><![CDATA[
// Begin Adk Menu Buttons

$txt['texto-13'] = 'Adk Menu Buttons';
$txt['texto-14'] = 'Activar Botones';
$txt['texto-15'] = 'Activar boton 1';
$txt['texto-16'] = 'Activar boton 2';
$txt['texto-17'] = 'Activar boton 3';
$txt['texto-18'] = 'Actibar boton 4';
$txt['texto-19'] = 'Activar boton 5';
$txt['texto-20'] = 'Activar boton 6';
$txt['texto-21'] = 'Escribir la Url del boton 1';
$txt['texto-22'] = 'Escribir la Url del boton 2';
$txt['texto-23'] = 'Escribir la Url del boton 3';
$txt['texto-24'] = 'Escribir la Url del boton 4';
$txt['texto-25'] = 'Escribir la Url del boton 5';
$txt['texto-26'] = 'Escribir la Url del boton 6';
$txt['texto-28'] = 'Nombre boton 1';
$txt['texto-29'] = 'Nombre boton 2';
$txt['texto-30'] = 'Nombre boton 3';
$txt['texto-31'] = 'Nombre boton 4';
$txt['texto-32'] = 'Nombre boton 5';
$txt['texto-33'] = 'Nombre boton 6';
$txt['texto-34'] = 'Alinear a la derecha';
$txt['texto-35'] = 'Alinear a la derecha';
$txt['texto-36'] = 'Alinear a la derecha';
$txt['texto-37'] = 'Alinear a la derecha';
$txt['texto-38'] = 'Alinear a la derecha';
$txt['texto-39'] = 'Alinear a la derecha';

// End Adk Menu Buttons

]]></add>
		</operation>
	</file>	

<file name="$languagedir/Modifications.spanish_latin-utf8.php" error="skip">
		<operation>
			<search position="end" />
			<add><![CDATA[
// Begin Adk Menu Buttons

$txt['texto-13'] = 'Adk Menu Buttons';
$txt['texto-14'] = 'Activar Botones';
$txt['texto-15'] = 'Activar boton 1';
$txt['texto-16'] = 'Activar boton 2';
$txt['texto-17'] = 'Activar boton 3';
$txt['texto-18'] = 'Actibar boton 4';
$txt['texto-19'] = 'Activar boton 5';
$txt['texto-20'] = 'Activar boton 6';
$txt['texto-21'] = 'Escribir la Url del boton 1';
$txt['texto-22'] = 'Escribir la Url del boton 2';
$txt['texto-23'] = 'Escribir la Url del boton 3';
$txt['texto-24'] = 'Escribir la Url del boton 4';
$txt['texto-25'] = 'Escribir la Url del boton 5';
$txt['texto-26'] = 'Escribir la Url del boton 6';
$txt['texto-28'] = 'Nombre boton 1';
$txt['texto-29'] = 'Nombre boton 2';
$txt['texto-30'] = 'Nombre boton 3';
$txt['texto-31'] = 'Nombre boton 4';
$txt['texto-32'] = 'Nombre boton 5';
$txt['texto-33'] = 'Nombre boton 6';
$txt['texto-34'] = 'Alinear a la derecha';
$txt['texto-35'] = 'Alinear a la derecha';
$txt['texto-36'] = 'Alinear a la derecha';
$txt['texto-37'] = 'Alinear a la derecha';
$txt['texto-38'] = 'Alinear a la derecha';
$txt['texto-39'] = 'Alinear a la derecha';

// End Adk Menu Buttons

]]></add>
		</operation>
	</file>	

<file name="$languagedir/Modifications.spanish_es.php" error="skip">
		<operation>
			<search position="end" />
			<add><![CDATA[
// Begin Adk Menu Buttons

$txt['texto-13'] = 'Adk Menu Buttons';
$txt['texto-14'] = 'Activar Botones';
$txt['texto-15'] = 'Activar boton 1';
$txt['texto-16'] = 'Activar boton 2';
$txt['texto-17'] = 'Activar boton 3';
$txt['texto-18'] = 'Actibar boton 4';
$txt['texto-19'] = 'Activar boton 5';
$txt['texto-20'] = 'Activar boton 6';
$txt['texto-21'] = 'Escribir la Url del boton 1';
$txt['texto-22'] = 'Escribir la Url del boton 2';
$txt['texto-23'] = 'Escribir la Url del boton 3';
$txt['texto-24'] = 'Escribir la Url del boton 4';
$txt['texto-25'] = 'Escribir la Url del boton 5';
$txt['texto-26'] = 'Escribir la Url del boton 6';
$txt['texto-28'] = 'Nombre boton 1';
$txt['texto-29'] = 'Nombre boton 2';
$txt['texto-30'] = 'Nombre boton 3';
$txt['texto-31'] = 'Nombre boton 4';
$txt['texto-32'] = 'Nombre boton 5';
$txt['texto-33'] = 'Nombre boton 6';
$txt['texto-34'] = 'Alinear a la derecha';
$txt['texto-35'] = 'Alinear a la derecha';
$txt['texto-36'] = 'Alinear a la derecha';
$txt['texto-37'] = 'Alinear a la derecha';
$txt['texto-38'] = 'Alinear a la derecha';
$txt['texto-39'] = 'Alinear a la derecha';

// End Adk Menu Buttons

]]></add>
		</operation>
	</file>		


<file name="$languagedir/Modifications.spanish_es-utf8.php" error="skip">
		<operation>
			<search position="end" />
			<add><![CDATA[
// Begin Adk Menu Buttons

$txt['texto-13'] = 'Adk Menu Buttons';
$txt['texto-14'] = 'Activar Botones';
$txt['texto-15'] = 'Activar boton 1';
$txt['texto-16'] = 'Activar boton 2';
$txt['texto-17'] = 'Activar boton 3';
$txt['texto-18'] = 'Actibar boton 4';
$txt['texto-19'] = 'Activar boton 5';
$txt['texto-20'] = 'Activar boton 6';
$txt['texto-21'] = 'Escribir la Url del boton 1';
$txt['texto-22'] = 'Escribir la Url del boton 2';
$txt['texto-23'] = 'Escribir la Url del boton 3';
$txt['texto-24'] = 'Escribir la Url del boton 4';
$txt['texto-25'] = 'Escribir la Url del boton 5';
$txt['texto-26'] = 'Escribir la Url del boton 6';
$txt['texto-28'] = 'Nombre boton 1';
$txt['texto-29'] = 'Nombre boton 2';
$txt['texto-30'] = 'Nombre boton 3';
$txt['texto-31'] = 'Nombre boton 4';
$txt['texto-32'] = 'Nombre boton 5';
$txt['texto-33'] = 'Nombre boton 6';
$txt['texto-34'] = 'Alinear a la derecha';
$txt['texto-35'] = 'Alinear a la derecha';
$txt['texto-36'] = 'Alinear a la derecha';
$txt['texto-37'] = 'Alinear a la derecha';
$txt['texto-38'] = 'Alinear a la derecha';
$txt['texto-39'] = 'Alinear a la derecha';

// End Adk Menu Buttons

]]></add>
		</operation>
	</file>
</modification>