<?xml version="1.0"?>
<!DOCTYPE package-info SYSTEM "http://www.simplemachines.org/xml/package-info">

<package-info xmlns="http://www.simplemachines.org/xml/package-info" xmlns:smf="http://www.simplemachines.org/">
	<id>nvcnvn:NChat</id>
	<name>NChat</name>
	<type>modification</type>
	<version>1.3.2</version>

	<install for="2.0 - 2.99.99">
		<readme parsebbc="true">readme.txt</readme>
		<database>install.php</database>
		<modification type="file">install.xml</modification>
		<require-dir name="NChat" destination="$boarddir" />
		<redirect url="?action=admin;area=modsettings;sa=nchat"/>
	</install>

	<uninstall for="2.0 - 2.99.99">
		<modification type="file" reverse="true">install.xml</modification>
		<remove-dir name="$boarddir/NChat" />
	</uninstall>

</package-info>
