<?xml version="1.0"?>
<!DOCTYPE modification SYSTEM "http://www.simplemachines.org/xml/modification">
<modification xmlns="http://www.simplemachines.org/xml/modification" xmlns:smf="http://www.simplemachines.org/">
	<id>wdm2005:2sichat</id>
	<version>RC2 Rev60</version>

	
	<file name="$themedir/Profile.template.php">
		<operation>
			<search position="before"><![CDATA[<li>
								<label for="display_quick_mod">', $txt['display_quick_mod'], '</label>
								<select name="default_options[display_quick_mod]" id="display_quick_mod">
									<option value="0"', empty($context['member']['options']['display_quick_mod']) ? ' selected="selected"' : '', '>', $txt['display_quick_mod_none'], '</option>
									<option value="1"', !empty($context['member']['options']['display_quick_mod']) && $context['member']['options']['display_quick_mod'] == 1 ? ' selected="selected"' : '', '>', $txt['display_quick_mod_check'], '</option>
									<option value="2"', !empty($context['member']['options']['display_quick_mod']) && $context['member']['options']['display_quick_mod'] != 1 ? ' selected="selected"' : '', '>', $txt['display_quick_mod_image'], '</option>
								</select>
							</li>]]></search>
			<add><![CDATA[
';
							if(allowedTo('2sichat_bar_close') || allowedTo('2sichat_bar_buddys') || allowedTo('2sichat_bar_theme')){
							   
							   if(allowedTo('2sichat_bar_theme')){
							   global $dirArray, $context, $indexCount;
                                
								SAChat_LoadTemes();
							    echo'<br /><a name="chatbar"></a>
                               <hr /><strong>Chat Bar Settings</strong><br />';

							echo'<br /><label for="cbar_theme">Bar Theme</label>
								<select name="default_options[cbar_theme]" id="cbar_theme">';
									
									echo'<option value="0"', empty($options['cbar_theme']) ? ' selected="selected"' : '', '>Forum Default</option>';
									for($index=0; $index < $indexCount; $index++) {
                                        if (substr($dirArray[$index], 0, 1) != '.' && $dirArray[$index] != "index.php"){ // don't list hidden files
				                            echo'<option value="', $dirArray[$index], '"', !empty($context['member']['options']['cbar_theme']) && $context['member']['options']['cbar_theme'] == $dirArray[$index] ? ' selected="selected"' : '', '>', $dirArray[$index], '</option>';
	                                    }
                                    }
								echo'</select>';
								}
							if(allowedTo('2sichat_bar_close')){
                            echo'
							<li>
								<input type="hidden" name="default_options[show_cbar]" value="0" />
								<label for="show_cbar"><input type="checkbox" name="default_options[show_cbar]" id="show_cbar" value="1"', !empty($context['member']['options']['show_cbar']) ? ' checked="checked"' : '', ' class="input_check" /> Hide chat bar?</label>
							</li>';
							
                             }
							 if(allowedTo('2sichat_bar_buddys')){
							echo'<li>
								<input type="hidden" name="default_options[show_cbar_buddys]" value="0" />
								<label for="show_cbar_buddys"><input type="checkbox" name="default_options[show_cbar_buddys]" id="show_cbar_buddys" value="1"', !empty($context['member']['options']['show_cbar_buddys']) ? ' checked="checked"' : '', ' class="input_check" /> Show Only Buddies in chat bar?</label>
							</li>';
							}
							}
						echo'
]]></add>
		</operation>
	</file>
</modification>