<?xml version="1.0"?>
<!DOCTYPE modification SYSTEM "http://www.simplemachines.org/xml/modification">
<modification xmlns="http://www.simplemachines.org/xml/modification" xmlns:smf="http://www.simplemachines.org/">
	<id>Johncccccc:6CustomButtons/TabsWithSubMenus(4)</id>
	<version>0.5</version>
	<info>This mod allows you to add upto 6 custom buttons.
In the modifications area, you can;
Add sub menu items too, upto 4, all customizable.
Enable buttons
Label buttons
Set URLs for buttons and sub menu items.

Version 0.5 has added the ability to set permissions on seeing buttons.</info>
	<file name="$sourcedir/Admin.php">
		<operation>
			<search position="before"><![CDATA[
						// Note the comma!! The setting with automatically appear with the first mod to be added.
]]></search>
			<add><![CDATA[
                        'custombuttons' => array  ($txt['custombuttons_settings_menu']),
]]></add>
		</operation>
		<operation>
			<search position="before"><![CDATA[
		// Mod authors if you want to be "real freaking good" then add any setting pages for your mod BELOW this line!
]]></search>
			<add><![CDATA[
        array('ModifycustombuttonsSettings', 'area=modsettings;sa=custombuttons'),
]]></add>
		</operation>
	</file>
	<file name="$sourcedir/ManagePermissions.php">
		<operation>
			<search position="before"><![CDATA[
			'profile_remote_avatar' => array(false, 'profile', 'use_avatar'),
]]></search>
			<add><![CDATA[
            'custombuttons_showbutton1' => array(false, 'custombuttons_showbuttons', 'custombuttons_showbuttons'),
            'custombuttons_showbutton2' => array(false, 'custombuttons_showbuttons', 'custombuttons_showbuttons'),
            'custombuttons_showbutton3' => array(false, 'custombuttons_showbuttons', 'custombuttons_showbuttons'),
            'custombuttons_showbutton4' => array(false, 'custombuttons_showbuttons', 'custombuttons_showbuttons'),
            'custombuttons_showbutton5' => array(false, 'custombuttons_showbuttons', 'custombuttons_showbuttons'),
            'custombuttons_showbutton6' => array(false, 'custombuttons_showbuttons', 'custombuttons_showbuttons'),
]]></add>
		</operation>
	</file>
	<file name="$sourcedir/ManageSettings.php">
		<operation>
			<search position="before"><![CDATA[
	// This line is to help mod authors do a search/add after if you want to add something here. Keyword: RED INK IS FOR TEACHERS AND THOSE WHO LIKE PAIN!
	prepareDBSettingContext($config_vars);
}
]]></search>
			<add><![CDATA[
function ModifycustombuttonsSettings($return_config = false)
{
    global $txt, $scripturl, $context, $settings, $sc, $modSettings;
    $config_vars = array(

        //Custom Buttons - Johncccccc
                //Button 1
                $txt['button1'],
        array('check', 'enable_custombuttons_1'),
        array('text', 'label_custombuttons_1'),
        array('text', 'url_custombuttons_1'),
                //Subs for button 1 - 4
        array('text', 'label_subcustombuttons1_1'),
        array('text', 'url_subcustombuttons1_1'),
        array('text', 'label_subcustombuttons1_2'),
        array('text', 'url_subcustombuttons1_2'),
        array('text', 'label_subcustombuttons1_3'),
        array('text', 'url_subcustombuttons1_3'),
        array('text', 'label_subcustombuttons1_4'),
        array('text', 'url_subcustombuttons1_4'),
        '',
                //Button 2
                $txt['button2'],
        array('check', 'enable_custombuttons_2'),
        array('text', 'label_custombuttons_2'),
        array('text', 'url_custombuttons_2'),
                //Subs for button 2 - 4
        array('text', 'label_subcustombuttons2_1'),
        array('text', 'url_subcustombuttons2_1'),
        array('text', 'label_subcustombuttons2_2'),
        array('text', 'url_subcustombuttons2_2'),
        array('text', 'label_subcustombuttons2_3'),
        array('text', 'url_subcustombuttons2_3'),
        array('text', 'label_subcustombuttons2_4'),
        array('text', 'url_subcustombuttons2_4'),
        '',
                //Button 3
                $txt['button3'],
        array('check', 'enable_custombuttons_3'),
        array('text', 'label_custombuttons_3'),
        array('text', 'url_custombuttons_3'),
                //Subs for button 3 - 4
        array('text', 'label_subcustombuttons3_1'),
        array('text', 'url_subcustombuttons3_1'),
        array('text', 'label_subcustombuttons3_2'),
        array('text', 'url_subcustombuttons3_2'),
        array('text', 'label_subcustombuttons3_3'),
        array('text', 'url_subcustombuttons3_3'),
        array('text', 'label_subcustombuttons3_4'),
        array('text', 'url_subcustombuttons3_4'),
        '',
                //Button 4
                $txt['button4'],
        array('check', 'enable_custombuttons_4'),
        array('text', 'label_custombuttons_4'),
        array('text', 'url_custombuttons_4'),
                //Subs for button 4 - 4
        array('text', 'label_subcustombuttons4_1'),
        array('text', 'url_subcustombuttons4_1'),
        array('text', 'label_subcustombuttons4_2'),
        array('text', 'url_subcustombuttons4_2'),
        array('text', 'label_subcustombuttons4_3'),
        array('text', 'url_subcustombuttons4_3'),
        array('text', 'label_subcustombuttons4_4'),
        array('text', 'url_subcustombuttons4_4'),
        '',

                //Button 5
                $txt['button5'],
        array('check', 'enable_custombuttons_5'),
        array('text', 'label_custombuttons_5'),
        array('text', 'url_custombuttons_5'),
                //Subs for button 5 - 4
        array('text', 'label_subcustombuttons5_1'),
        array('text', 'url_subcustombuttons5_1'),
        array('text', 'label_subcustombuttons5_2'),
        array('text', 'url_subcustombuttons5_2'),
        array('text', 'label_subcustombuttons5_3'),
        array('text', 'url_subcustombuttons5_3'),
        array('text', 'label_subcustombuttons5_4'),
        array('text', 'url_subcustombuttons5_4'),
        '',
        
            //Button 6
            $txt['button6'],
        array('check', 'enable_custombuttons_6'),
        array('text', 'label_custombuttons_6'),
        array('text', 'url_custombuttons_6'),
                //Subs for button 6 - 4
        array('text', 'label_subcustombuttons6_1'),
        array('text', 'url_subcustombuttons6_1'),
        array('text', 'label_subcustombuttons6_2'),
        array('text', 'url_subcustombuttons6_2'),
        array('text', 'label_subcustombuttons6_3'),
        array('text', 'url_subcustombuttons6_3'),
        array('text', 'label_subcustombuttons6_4'),
        array('text', 'url_subcustombuttons6_4'),
        
    );
    if ($return_config)
        return $config_vars;

    $context['post_url'] = $scripturl . '?action=admin;area=modsettings;save;sa=custombuttons';
    $context['settings_title'] = $txt['custombuttons_settings_menu'];

    if (empty($config_vars))
    {
        $context['settings_save_dont_show'] = true;
        $context['settings_message'] = '<div style="text-align: center">' . $txt['modification_no_misc_settings'] . '</div>';

        return prepareDBSettingContext($config_vars);
    }

    if (isset($_GET['save']))
    {
        checkSession();

        $save_vars = $config_vars;

        saveDBSettings($save_vars);

        redirectexit('action=admin;area=modsettings;sa=custombuttons');
    }
    prepareDBSettingContext($config_vars);
    
}
]]></add>
		</operation>
		<operation>
			<search position="before"><![CDATA[
		// Mod authors, once again, if you have a whole section to add do it AFTER this line, and keep a comma at the end.
]]></search>
			<add><![CDATA[
        'custombuttons' => 'ModifycustombuttonsSettings',
]]></add>
		</operation>
	</file>
	<file name="$sourcedir/Subs.php">
		<operation>
			<search position="before"><![CDATA[
	$context['allow_pm'] = allowedTo('pm_read');
]]></search>
			<add><![CDATA[
    $context['allow_custom_button1'] = allowedTo('custombuttons_showbutton1');
    $context['allow_custom_button2'] = allowedTo('custombuttons_showbutton2');
    $context['allow_custom_button3'] = allowedTo('custombuttons_showbutton3');
    $context['allow_custom_button4'] = allowedTo('custombuttons_showbutton4');
    $context['allow_custom_button5'] = allowedTo('custombuttons_showbutton5');
    $context['allow_custom_button6'] = allowedTo('custombuttons_showbutton6');
]]></add>
		</operation>
		<operation>
			<search position="after"><![CDATA[
			'search' => array(
]]></search>
			<add><![CDATA[
            'custom1' => array(
                'title' => !empty ($modSettings['label_custombuttons_1']) ? $modSettings['label_custombuttons_1'] : $txt['cb_default_1'],
                'href' => !empty ($modSettings['url_custombuttons_1']) ? $modSettings['url_custombuttons_1'] : $scripturl,
                'show' => $context['allow_custom_button1'] && !empty ($modSettings['enable_custombuttons_1']) ? true : false,
                'sub_buttons' => array(
                    'subbutton1' => array(
                        'title' => !empty ($modSettings['label_subcustombuttons1_1']) ? $modSettings['label_subcustombuttons1_1'] : '',
                        'href' => !empty ($modSettings['url_subcustombuttons1_1']) ? $modSettings['url_subcustombuttons1_1'] : $scripturl,
                        'show' => !empty ($modSettings['label_subcustombuttons1_1']) ? true : false
                        ),
                    'subbutton2' => array( 
                        'title' => !empty ($modSettings['label_subcustombuttons1_2']) ? $modSettings['label_subcustombuttons1_2'] : '',
                        'href' => !empty ($modSettings['url_subcustombuttons1_2']) ? $modSettings['url_subcustombuttons1_2'] : $scripturl,
                        'show' => !empty ($modSettings['label_subcustombuttons1_2']) ? true : false
                        ),                        
                    'subbutton3' => array( 
                        'title' => !empty ($modSettings['label_subcustombuttons1_3']) ? $modSettings['label_subcustombuttons1_3'] : '',
                        'href' => !empty ($modSettings['url_subcustombuttons1_3']) ? $modSettings['url_subcustombuttons1_3'] : $scripturl,
                        'show' => !empty ($modSettings['label_subcustombuttons1_3']) ? true : false
                        ),
                    'subbutton4' => array( 
                        'title' => !empty ($modSettings['label_subcustombuttons1_4']) ? $modSettings['label_subcustombuttons1_4'] : '',
                        'href' => !empty ($modSettings['url_subcustombuttons1_4']) ? $modSettings['url_subcustombuttons1_4'] : $scripturl,
                        'show' => !empty ($modSettings['label_subcustombuttons1_4']) ? true : false
                        ),
                    ),                        
            ),
            'custom2' => array(
                'title' => !empty ($modSettings['label_custombuttons_2']) ? $modSettings['label_custombuttons_2'] : $txt['cb_default_2'],
                'href' => !empty ($modSettings['url_custombuttons_2']) ? $modSettings['url_custombuttons_2'] : $scripturl,
                'show' => $context['allow_custom_button2'] && !empty ($modSettings['enable_custombuttons_2']) ? true : false,
                'sub_buttons' => array(
                    'subbutton1' => array(
                    'title' => !empty ($modSettings['label_subcustombuttons2_1']) ? $modSettings['label_subcustombuttons2_1'] : '',
                        'href' => !empty ($modSettings['url_subcustombuttons2_1']) ? $modSettings['url_subcustombuttons2_1'] : $scripturl,
                        'show' => !empty ($modSettings['label_subcustombuttons2_1']) ? true : false
                        ),
                    'subbutton2' => array( 
                        'title' => !empty ($modSettings['label_subcustombuttons2_2']) ? $modSettings['label_subcustombuttons2_2'] : '',
                        'href' => !empty ($modSettings['url_subcustombuttons2_2']) ? $modSettings['url_subcustombuttons2_2'] : $scripturl,
                        'show' => !empty ($modSettings['label_subcustombuttons2_2']) ? true : false
                        ),                        
                    'subbutton3' => array( 
                        'title' => !empty ($modSettings['label_subcustombuttons2_3']) ? $modSettings['label_subcustombuttons2_3'] : '',
                        'href' => !empty ($modSettings['url_subcustombuttons2_3']) ? $modSettings['url_subcustombuttons2_3'] : $scripturl,
                        'show' => !empty ($modSettings['label_subcustombuttons2_3']) ? true : false
                        ),
                    'subbutton4' => array( 
                        'title' => !empty ($modSettings['label_subcustombuttons2_4']) ? $modSettings['label_subcustombuttons2_4'] : '',
                        'href' => !empty ($modSettings['url_subcustombuttons2_4']) ? $modSettings['url_subcustombuttons2_4'] : $scripturl,
                        'show' => !empty ($modSettings['label_subcustombuttons2_4']) ? true : false
                    ),
                ),
            ),
            'custom3' => array(
                'title' => !empty ($modSettings['label_custombuttons_3']) ? $modSettings['label_custombuttons_3'] : $txt['cb_default_3'],
                'href' => !empty ($modSettings['url_custombuttons_3']) ? $modSettings['url_custombuttons_3'] : $scripturl,
                'show' => $context['allow_custom_button3'] && !empty ($modSettings['enable_custombuttons_3']) ? true : false,
                'sub_buttons' => array(
                    'subbutton1' => array(
                    'title' => !empty ($modSettings['label_subcustombuttons3_1']) ? $modSettings['label_subcustombuttons3_1'] : '',
                        'href' => !empty ($modSettings['url_subcustombuttons3_1']) ? $modSettings['url_subcustombuttons3_1'] : $scripturl,
                        'show' => !empty ($modSettings['label_subcustombuttons3_1']) ? true : false
                        ),
                    'subbutton2' => array( 
                        'title' => !empty ($modSettings['label_subcustombuttons3_2']) ? $modSettings['label_subcustombuttons3_2'] : '',
                        'href' => !empty ($modSettings['url_subcustombuttons3_2']) ? $modSettings['url_subcustombuttons3_2'] : $scripturl,
                        'show' => !empty ($modSettings['label_subcustombuttons3_2']) ? true : false
                        ),                        
                    'subbutton3' => array( 
                        'title' => !empty ($modSettings['label_subcustombuttons3_3']) ? $modSettings['label_subcustombuttons3_3'] : '',
                        'href' => !empty ($modSettings['url_subcustombuttons3_3']) ? $modSettings['url_subcustombuttons3_3'] : $scripturl,
                        'show' => !empty ($modSettings['label_subcustombuttons3_3']) ? true : false
                        ),
                    'subbutton4' => array( 
                        'title' => !empty ($modSettings['label_subcustombuttons3_4']) ? $modSettings['label_subcustombuttons3_4'] : '',
                        'href' => !empty ($modSettings['url_subcustombuttons3_4']) ? $modSettings['url_subcustombuttons3_4'] : $scripturl,
                        'show' => !empty ($modSettings['label_subcustombuttons3_4']) ? true : false
                    ),
                ),
            ),
            'custom4' => array(
                'title' => !empty ($modSettings['label_custombuttons_4']) ? $modSettings['label_custombuttons_4'] : $txt['cb_default_4'],
                'href' => !empty ($modSettings['url_custombuttons_4']) ? $modSettings['url_custombuttons_4'] : '',
                'show' => $context['allow_custom_button4'] && !empty ($modSettings['enable_custombuttons_4']) ? true : false,
                'sub_buttons' => array(
                    'subbutton1' => array(
                    'title' => !empty ($modSettings['label_subcustombuttons4_1']) ? $modSettings['label_subcustombuttons4_1'] : '',
                        'href' => !empty ($modSettings['url_subcustombuttons4_1']) ? $modSettings['url_subcustombuttons4_1'] : $scripturl,
                        'show' => !empty ($modSettings['label_subcustombuttons4_1']) ? true : false
                        ),
                    'subbutton2' => array( 
                        'title' => !empty ($modSettings['label_subcustombuttons4_2']) ? $modSettings['label_subcustombuttons4_2'] : '',
                        'href' => !empty ($modSettings['url_subcustombuttons4_2']) ? $modSettings['url_subcustombuttons4_2'] : $scripturl,
                        'show' => !empty ($modSettings['label_subcustombuttons4_2']) ? true : false
                        ),                        
                    'subbutton3' => array( 
                        'title' => !empty ($modSettings['label_subcustombuttons4_3']) ? $modSettings['label_subcustombuttons4_3'] : '',
                        'href' => !empty ($modSettings['url_subcustombuttons4_3']) ? $modSettings['url_subcustombuttons4_3'] : $scripturl,
                        'show' => !empty ($modSettings['label_subcustombuttons4_3']) ? true : false
                        ),
                    'subbutton4' => array( 
                        'title' => !empty ($modSettings['label_subcustombuttons4_4']) ? $modSettings['label_subcustombuttons4_4'] : '',
                        'href' => !empty ($modSettings['url_subcustombuttons4_4']) ? $modSettings['url_subcustombuttons4_4'] : $scripturl,
                        'show' => !empty ($modSettings['label_subcustombuttons4_4']) ? true : false
                    ),
                ),
            ),
            'custom5' => array(
                'title' => !empty ($modSettings['label_custombuttons_5']) ? $modSettings['label_custombuttons_5'] : $txt['cb_default_5'],
                'href' => !empty ($modSettings['url_custombuttons_5']) ? $modSettings['url_custombuttons_5'] : '',
                'show' => $context['allow_custom_button5'] && !empty ($modSettings['enable_custombuttons_5']) ? true : false,
                'sub_buttons' => array(
                    'subbutton1' => array(
                    'title' => !empty ($modSettings['label_subcustombuttons5_1']) ? $modSettings['label_subcustombuttons5_1'] : '',
                        'href' => !empty ($modSettings['url_subcustombuttons5_1']) ? $modSettings['url_subcustombuttons5_1'] : $scripturl,
                        'show' => !empty ($modSettings['label_subcustombuttons5_1']) ? true : false
                        ),
                    'subbutton2' => array( 
                        'title' => !empty ($modSettings['label_subcustombuttons5_2']) ? $modSettings['label_subcustombuttons5_2'] : '',
                        'href' => !empty ($modSettings['url_subcustombuttons5_2']) ? $modSettings['url_subcustombuttons5_2'] : $scripturl,
                        'show' => !empty ($modSettings['label_subcustombuttons5_2']) ? true : false
                        ),                        
                    'subbutton3' => array( 
                        'title' => !empty ($modSettings['label_subcustombuttons5_3']) ? $modSettings['label_subcustombuttons5_3'] : '',
                        'href' => !empty ($modSettings['url_subcustombuttons5_3']) ? $modSettings['url_subcustombuttons5_3'] : $scripturl,
                        'show' => !empty ($modSettings['label_subcustombuttons5_3']) ? true : false
                        ),
                    'subbutton4' => array( 
                        'title' => !empty ($modSettings['label_subcustombuttons5_4']) ? $modSettings['label_subcustombuttons5_4'] : '',
                        'href' => !empty ($modSettings['url_subcustombuttons5_4']) ? $modSettings['url_subcustombuttons5_4'] : $scripturl,
                        'show' => !empty ($modSettings['label_subcustombuttons5_4']) ? true : false
                    ),
                ),
            ),
            'custom6' => array(
                'title' => !empty ($modSettings['label_custombuttons_6']) ? $modSettings['label_custombuttons_6'] : $txt['cb_default_6'],
                'href' => !empty ($modSettings['url_custombuttons_6']) ? $modSettings['url_custombuttons_6'] : '',
                'show' => $context['allow_custom_button6'] && !empty ($modSettings['enable_custombuttons_6']) ? true : false,
                'sub_buttons' => array(
                    'subbutton1' => array(
                    'title' => !empty ($modSettings['label_subcustombuttons6_1']) ? $modSettings['label_subcustombuttons6_1'] : '',
                        'href' => !empty ($modSettings['url_subcustombuttons6_1']) ? $modSettings['url_subcustombuttons6_1'] : $scripturl,
                        'show' => !empty ($modSettings['label_subcustombuttons6_1']) ? true : false
                        ),
                    'subbutton2' => array( 
                        'title' => !empty ($modSettings['label_subcustombuttons6_2']) ? $modSettings['label_subcustombuttons6_2'] : '',
                        'href' => !empty ($modSettings['url_subcustombuttons6_2']) ? $modSettings['url_subcustombuttons6_2'] : $scripturl,
                        'show' => !empty ($modSettings['label_subcustombuttons6_2']) ? true : false
                        ),                        
                    'subbutton3' => array( 
                        'title' => !empty ($modSettings['label_subcustombuttons6_3']) ? $modSettings['label_subcustombuttons6_3'] : '',
                        'href' => !empty ($modSettings['url_subcustombuttons6_3']) ? $modSettings['url_subcustombuttons6_3'] : $scripturl,
                        'show' => !empty ($modSettings['label_subcustombuttons6_3']) ? true : false
                        ),
                    'subbutton4' => array( 
                        'title' => !empty ($modSettings['label_subcustombuttons6_4']) ? $modSettings['label_subcustombuttons6_4'] : '',
                        'href' => !empty ($modSettings['url_subcustombuttons6_4']) ? $modSettings['url_subcustombuttons5_4'] : $scripturl,
                        'show' => !empty ($modSettings['label_subcustombuttons6_4']) ? true : false
                    ),
                ),
            ),
]]></add>
		</operation>
	</file>
	<file name="$themedir/languages/Modifications.english.php">
		<operation>
			<search position="end"></search>
			<add><![CDATA[
        //6 Custom buttons with sub menus. - johncccccc
        //Global settings
$txt['custombuttons_settings_menu'] = 'Custom buttons settings';
$txt['button1'] = '<div align= "center"><strong><u>Button 1 Settings</u></strong></div>';
$txt['button2'] = '<div align= "center"><strong><u>Button 2 Settings</u></strong></div>';
$txt['button3'] = '<div align= "center"><strong><u>Button 3 Settings</u></strong></div>';
$txt['button4'] = '<div align= "center"><strong><u>Button 4 Settings</u></strong></div>';
$txt['button5'] = '<div align= "center"><strong><u>Button 5 Settings</u></strong></div>';
$txt['button6'] = '<div align= "center"><strong><u>Button 6 Settings</u></strong></div>';
        //Permissions Area
$txt['permissiongroup_custombuttons_showbuttons'] = 'Custom Button Permissions';
$txt['permissiongroup_simple_custombuttons_showbuttons'] = 'Custom Button Permissions';
        //Simple
$txt['permissionname_simple_custombuttons_showbutton1'] = 'Show members from this group custom button 1?';
$txt['permissionname_simple_custombuttons_showbutton2'] = 'Show members from this group custom button 2?';
$txt['permissionname_simple_custombuttons_showbutton3'] = 'Show members from this group custom button 3?';
$txt['permissionname_simple_custombuttons_showbutton4'] = 'Show members from this group custom button 4?';
$txt['permissionname_simple_custombuttons_showbutton5'] = 'Show members from this group custom button 5?';
$txt['permissionname_simple_custombuttons_showbutton6'] = 'Show members from this group custom button 6?';
        //Classic
$txt['permissionname_custombuttons_showbutton1'] = 'Show members from this group custom button 1?';
$txt['permissionname_custombuttons_showbutton2'] = 'Show members from this group custom button 2?';
$txt['permissionname_custombuttons_showbutton3'] = 'Show members from this group custom button 3?';
$txt['permissionname_custombuttons_showbutton4'] = 'Show members from this group custom button 4?';
$txt['permissionname_custombuttons_showbutton5'] = 'Show members from this group custom button 5?';
$txt['permissionname_custombuttons_showbutton6'] = 'Show members from this group custom button 6?';
 
    
     //Button Settings
    //button 1
$txt['enable_custombuttons_1'] = 'Enable custom button 1?';
$txt['label_custombuttons_1'] = 'Insert the Label for custom button 1';
$txt['url_custombuttons_1'] = 'Insert the URL address for custom button 1 (must include http://)<br /><br />';
$txt['cb_default_1'] = 'Custom Button 1'; // Default Value for button label.
    //Sub button 1
$txt['label_subcustombuttons1_1'] = 'Insert 1st menu item\'s label for this button';
$txt['url_subcustombuttons1_1'] = 'Insert 1st menu item\'s URL address for this button (must include http://)<br /><br />';
    //Sub button 2
$txt['label_subcustombuttons1_2'] = 'Insert 2nd menu item\'s label for this button';
$txt['url_subcustombuttons1_2'] = 'Insert 2ndst menu item\'s URL address for this button (must include http://)<br /><br />';
    //Sub button 3
$txt['label_subcustombuttons1_3'] = 'Insert 3rd menu item\'s label for this button';
$txt['url_subcustombuttons1_3'] = 'Insert 3rd menu item\'s URL address for this button (must include http://)<br /><br />';
    //Sub button 4
$txt['label_subcustombuttons1_4'] = 'Insert 4th menu item\'s label for this button';
$txt['url_subcustombuttons1_4'] = 'Insert 4th menu item\'s URL address for this button (must include http://)<br /><br />';
    //End of button 1 and its sub menu items

    //button 2
$txt['enable_custombuttons_2'] = 'Enable custom button 2?';
$txt['label_custombuttons_2'] = 'Insert the Label for custom button 2';
$txt['url_custombuttons_2'] = 'Insert the URL address for custom button 2 (must include http://)<br /><br />';
$txt['cb_default_2'] = 'Custom Button 2';
    //Sub button 1
$txt['label_subcustombuttons2_1'] = 'Insert 1st menu item\'s label for this button';
$txt['url_subcustombuttons2_1'] = 'Insert 1st menu item\'s URL address for this button (must include http://)<br /><br />'; 
    //Sub button 2
$txt['label_subcustombuttons2_2'] = 'Insert 2nd menu item\'s label for this button';
$txt['url_subcustombuttons2_2'] = 'Insert 2nd menu item\'s URL address for this button (must include http://)<br /><br />'; 
    //Sub button 3
$txt['label_subcustombuttons2_3'] = 'Insert 3rd menu item\'s label for this button';
$txt['url_subcustombuttons2_3'] = 'Insert 3rd menu item\'s URL address for this button (must include http://)<br /><br />'; 
    //Sub button 4
$txt['label_subcustombuttons2_4'] = 'Insert 4th menu item\'s label for this button';
$txt['url_subcustombuttons2_4'] = 'Insert 4th menu item\'s URL address for this button (must include http://)<br /><br />'; 
    //End of button 2 and its sub menu items 
    
    //button 3
$txt['enable_custombuttons_3'] = 'Enable custom button 3?';
$txt['label_custombuttons_3'] = 'Insert the Label for custom button 3';
$txt['url_custombuttons_3'] = 'Insert the URL address for custom button 3 (must include http://)<br /><br />';
$txt['cb_default_3'] = 'Custom Button 3';
    //Sub button 1
$txt['label_subcustombuttons3_1'] = 'Insert 1st menu item\'s label for this button';
$txt['url_subcustombuttons3_1'] = 'Insert 1st menu item\'s URL address for this button (must include http://)<br /><br />'; 
    //Sub button 2
$txt['label_subcustombuttons3_2'] = 'Insert 2nd menu item\'s label for this button';
$txt['url_subcustombuttons3_2'] = 'Insert 2nd menu item\'s URL address for this button (must include http://)<br /><br />'; 
    //Sub button 3
$txt['label_subcustombuttons3_3'] = 'Insert 3rd menu item\'s label for this button';
$txt['url_subcustombuttons3_3'] = 'Insert 3rd menu item\'s URL address for this button (must include http://)<br /><br />'; 
    //Sub button 4
$txt['label_subcustombuttons3_4'] = 'Insert 4th menu item\'s label for this button';
$txt['url_subcustombuttons3_4'] = 'Insert 4th menu item\'s URL address for this button (must include http://)<br /><br />'; 
    //End of button 3 and its sub menu items
    //button 4
$txt['enable_custombuttons_4'] = 'Enable custom button 4?';
$txt['label_custombuttons_4'] = 'Insert the Label for custom button 4';
$txt['url_custombuttons_4'] = 'Insert the URL address for custom button 4 (must include http://)<br /><br />';
$txt['cb_default_4'] = 'Custom Button 4';
    //Sub button 1
$txt['label_subcustombuttons4_1'] =  'Insert 1st menu item\'s label for this button';
$txt['url_subcustombuttons4_1'] = 'Insert 1st menu item\'s URL address for this button (must include http://)<br /><br />';
    //Sub button 2
$txt['label_subcustombuttons4_2'] =  'Insert 2nd menu item\'s label for this button';
$txt['url_subcustombuttons4_2'] = 'Insert 2nd menu item\'s URL address for this button (must include http://)<br /><br />';
    //Sub button 3
$txt['label_subcustombuttons4_3'] =  'Insert 3rd menu item\'s label for this button';
$txt['url_subcustombuttons4_3'] = 'Insert 3rd menu item\'s URL address for this button (must include http://)<br /><br />';
    //Sub button 4
$txt['label_subcustombuttons4_4'] =  'Insert 4th menu item\'s label for this button';
$txt['url_subcustombuttons4_4'] = 'Insert 4th menu item\'s URL address for this button (must include http://)<br /><br />';
    //End of button 4 and its sub menu items
    //button 5
$txt['enable_custombuttons_5'] = 'Enable custom button 5?';
$txt['label_custombuttons_5'] = 'Insert the Label for custom button 5';
$txt['url_custombuttons_5'] = 'Insert the URL address for custom button 5 (must include http://)<br /><br />';
$txt['cb_default_5'] = 'Custom Button 5';
    //Sub button 1
$txt['label_subcustombuttons5_1'] = 'Insert 1st menu item\'s label for this button';
$txt['url_subcustombuttons5_1'] = 'Insert 1st menu item\'s URL address for this button (must include http://)<br /><br />';
    //Sub button 2
$txt['label_subcustombuttons5_2'] = 'Insert 2nd menu item\'s label for this button';
$txt['url_subcustombuttons5_2'] = 'Insert 2nd menu item\'s URL address for this button (must include http://)<br /><br />';
    //Sub button 3
$txt['label_subcustombuttons5_3'] = 'Insert 3rd menu item\'s label for this button';
$txt['url_subcustombuttons5_3'] = 'Insert 3rd menu item\'s URL address for this button (must include http://)<br /><br />';
    //Sub button 4
$txt['label_subcustombuttons5_4'] = 'Insert 4th menu item\'s label for this button';
$txt['url_subcustombuttons5_4'] = 'Insert 4th menu item\'s URL address for this button (must include http://)<br /><br />';
    //End of button 5 and its sub menu items
//button 6
$txt['enable_custombuttons_6'] = 'Enable custom button 6?';
$txt['label_custombuttons_6'] = 'Insert the Label for custom button 6';
$txt['url_custombuttons_6'] = 'Insert the URL address for custom button 6 (must include http://)<br /><br />';
$txt['cb_default_6'] = 'Custom Button 6';
    //Sub button 1
$txt['label_subcustombuttons6_1'] = 'Insert 1st menu item\'s label for this button';
$txt['url_subcustombuttons6_1'] = 'Insert 1st menu item\'s URL address for this button (must include http://)<br /><br />';
    //Sub button 2
$txt['label_subcustombuttons6_2'] = 'Insert 2nd menu item\'s label for this button';
$txt['url_subcustombuttons6_2'] = 'Insert 2nd menu item\'s URL address for this button (must include http://)<br /><br />';
    //Sub button 3
$txt['label_subcustombuttons6_3'] = 'Insert 3rd menu item\'s label for this button';
$txt['url_subcustombuttons6_3'] = 'Insert 3rd menu item\'s URL address for this button (must include http://)<br /><br />';
    //Sub button 4
$txt['label_subcustombuttons6_4'] = 'Insert 4th menu item\'s label for this button';
$txt['url_subcustombuttons6_4'] = 'Insert 4th menu item\'s URL address for this button (must include http://)';
//End of button 5 and its sub menu items

//End of Custom buttons mod - johncccccc
]]></add>
		</operation>
	</file>
</modification>
