<?xml version="1.0"?>
<!DOCTYPE package-info SYSTEM "http://www.simplemachines.org/xml/package-info">
<package-info xmlns="http://www.simplemachines.org/xml/package-info" xmlns:smf="http://www.simplemachines.org/">
	<name>6 Custom buttons / tabs with Sub Menus (4)</name>
	<id>Johncccccc:6CustomButtons/TabsWithSubMenus(4)</id>
	<type>modification</type>
	<version>0.5</version>
	<install>
		<readme type="inline">This mod allows you to add upto 6 custom buttons.
In the modifications area, you can;
Add sub menu items too, upto 4, all customizable.
Enable buttons
Label buttons
Set URLs for buttons and sub menu items.

Version 0.5 has added the ability to set permissions on seeing buttons.</readme>
		<modification type="file">6custombuttons05.xml</modification>
	</install>
	<uninstall>
		<readme type="inline">This mod allows you to add upto 6 custom buttons.
In the modifications area, you can;
Add sub menu items too, upto 4, all customizable.
Enable buttons
Label buttons
Set URLs for buttons and sub menu items.

Version 0.5 has added the ability to set permissions on seeing buttons.</readme>
		<modification type="file" reverse="true">6custombuttons05.xml</modification>
	</uninstall>
</package-info>
